id,title,publish_date,pdf_url,category,scraped_at
dc4985fa48abfb42,Clarification on Charge Structure of...,,https://www.pfrda.org.in/documents/33652/151840/Circular+-+Clarification+on+Charge+Structure+of+CRAs.pdf,CIRCULAR,05/05/2026
98b94b12c5135a42,Atal Pension Yojana (APY) Crosses...,,https://www.pfrda.org.in/documents/33652/86710/Final+PRESS+RELEASE-+APY+9+Cr+Enrolments.pdf,CIRCULAR,05/05/2026
df4833e3d7eca6f3,Financial Intelligence Unit-India and Pension...,,https://www.pfrda.org.in/documents/33652/86710/Press+Release+Page+_+Press+Information+Bureau.pdf,CIRCULAR,05/05/2026
95b4ba0e548401b4,Declaration of Holiday on 14th...,,https://www.pfrda.org.in/documents/33652/301830/Office+Order+Declaration+of+Holiday+on+14th+April+2026++Birthday+of+Dr+B+R+Ambedkar+reg..pdf,CIRCULAR,05/05/2026
deeff0d2596695ff,NPS Swasthya Pension Scheme- Proof...,,https://www.pfrda.org.in/documents/33652/151840/Circular+-+NPS+Swasthya+Pension+Scheme+POC+2.pdf,CIRCULAR,05/05/2026
1f1edc58a2c3d532,Pension Bulletin Jan Feb 2026,,https://www.pfrda.org.in/documents/33652/145901/Pension+Bulletin+Jan+Feb+2026+Vol+XIV+Issue+XII.pdf,CIRCULAR,05/05/2026
acaaff81021a7476,Result - REQUEST FOR PROPOSAL...,,,CIRCULAR,05/05/2026
585ebf4a3cddeb75,Result - REQUEST FOR PROPOSAL...,,,CIRCULAR,05/05/2026
9ae1db0f7db2d40e,Result - REQUEST FOR PROPOSAL...,,,CIRCULAR,05/05/2026
8454886ced16c916,Pension Fund Regulatory and Development...,,,CIRCULAR,05/05/2026
469e68b9a913170c,Permitting the Points of Presence...,,,CIRCULAR,05/05/2026
1075bfcf09772eeb,Notice - Request For Proposal...,,,CIRCULAR,05/05/2026
60fc0d42cb5b6e3a,Implementation of Multiple NAVs framework...,,,CIRCULAR,05/05/2026
f8868c1036e8c8a7,CLARIFICATION TO THE PRE-BID QUERIES...,,,CIRCULAR,05/05/2026
e7d7a8c557478e58,CLARIFICATION TO THE PRE-BID QUERIES...,,,CIRCULAR,05/05/2026
100e7a7e3de91481,CLARIFICATIONS TO THE PRE-BID QUERIES...,,,CIRCULAR,05/05/2026
92a7ef611c803b36,Inviting bids from IRDAI registered...,,,CIRCULAR,05/05/2026
9db3b3781726fe07,Tender Document: Inviting bids from...,,,CIRCULAR,05/05/2026
489a1ce48e03cc64,Tender Document: Inviting bids from...,,,CIRCULAR,05/05/2026
1b1e10af32ed1a90,Investment Management Fee (IMF) and...,,,CIRCULAR,05/05/2026
0913fa9ae3527101,Regulations,,,CIRCULAR,05/05/2026
288815bac274ac35,Notifications,,,CIRCULAR,05/05/2026
b8455d73f243eab6,Guidelines,,,CIRCULAR,05/05/2026
63c97c48742fcec1,Compendium,,,CIRCULAR,05/05/2026
319e57aa83adf171,General Orders,,,CIRCULAR,05/05/2026
58459121d7f44d5a,Enforcement Orders,,,CIRCULAR,05/05/2026
9dae3b9c624f3299,Exposure Draft,,,CIRCULAR,05/05/2026
8a5357a80ce1bcda,Master Circulars,,,CIRCULAR,05/05/2026
a4b2348c73719734,Past Hour   (0),,,CIRCULAR,05/05/2026
67fcba6fd260896c,"Clarification on Charge Structure of CRAs under the pension schemes regulated / administered by the PFRDA
Central Recordkeeping Agency
Ref: PFRDA/2026/23/REG-CRA/01
Issue Date: 29-04-2026",04/29/2026,,CIRCULAR,05/05/2026
c091c8acce2efc79,"NPS Swasthya Pension Scheme- Proof of Concept (PoC 2) under the Regulatory Sandbox Framework
Central Recordkeeping Agency
Ref: PFRDA/2026/22/SUP-CRA/03
Issue Date: 07-04-2026",04/07/2026,,CIRCULAR,05/05/2026
f173cada82fa55be,"Permitting the Points of Presence for Engagement of Other Persons as Pension Agents dated 20.03.2026
Point of Presence
Ref: PFRDA/2026/18/REG-POP/03
Issue Date: 25-03-2026",03/25/2026,,CIRCULAR,05/05/2026
2ca74a9083257998,"Investment Management Fee (IMF) and Annual Fee for Pension Funds w.e.f. 01 April 2026 (for a period of five years)
Pension Fund
Ref: PFRDA/2026/15/REG-PF/04
Issue Date: 11-03-2026",03/11/2026,,CIRCULAR,05/05/2026
3096385545897470,"Reclassification of existing Corporates under NPS into Government Entities and Legal Entities (other than Government)
Point of Presence
Ref: PFRDA/2026/18/REG-POP/03
Issue Date: 10-03-2026",03/10/2026,,CIRCULAR,05/05/2026
cfee99b3027f8bb5,"Charge structure of Point of Presence (PoP) for Common Schemes under NPS (All Citizen) including NPS Vatsalya and NPS Lite
Point of Presence
Ref: PFRDA/2026/16/REG-POP/01
Issue Date: 10-03-2026",03/10/2026,,CIRCULAR,05/05/2026
daaf876ce6147a3c,"Charge structure of Point of Presence (PoP) for Common Schemes under NPS for Legal Entities (other than Government)
Point of Presence
Ref: PFRDA/2026/17/REG-POP/02
Issue Date: 10-03-2026",03/10/2026,,CIRCULAR,05/05/2026
a95555719e09ef52,"Notification of effective date of NPS Vatsalya Scheme Guidelines 2025
Promotion and Development - NPS
Ref: PFRDA/2026/14/NPS-Vatsalya/02
Issue Date: 27-02-2026",02/27/2026,,CIRCULAR,05/05/2026
47016a736c6aa55c,"Sharing of Subscriber Information with Pension Funds under NPS Vatsalya Scheme & Asset Allocation Flexibility
Promotion and Development - NPS
Ref: PFRDA/2026/09/REG-PF/03
Issue Date: 23-02-2026",02/23/2026,,CIRCULAR,05/05/2026
644c6e17295e189a,"Registration of all grievances received under the NPS Architecture raised at the level of Points of Presence (POP) in the respective CRA Centralized Grievance Management System (CGMS) portals
Point of Presence
Ref: PFRDA/2026/8/GC/01
Issue Date: 02-02-2026",02/02/2026,,CIRCULAR,05/05/2026
bb00db5d5e6b7066,"Introduction of ‘NPS Swasthya Pension Scheme’ as a Proof of Concept under the Regulatory Sandbox Framework
Central Recordkeeping Agency
Ref: PFRDA/2026/07/SUP-CRA/02
Issue Date: 27-01-2026",01/27/2026,,CIRCULAR,05/05/2026
76621e1b5c91768e,"Expanded guidelines on reinvestment of returned & pending transaction amounts into the respective PRANs
Trustee Bank
Ref: PFRDA/2026/06/SUP-TB/01
Issue Date: 23-01-2026",01/23/2026,,CIRCULAR,05/05/2026
e05112ff4d736851,"Reporting requirement under Information and Cyber Security Policy Guidelines issued by PFRDA
Point of Presence
Ref: PFRDA/2025/24/REG-POP/05
Issue Date: 15-01-2026",01/15/2026,,CIRCULAR,05/05/2026
e93a95ecf8b416f6,"Sharing of Subscriber Information under Multiple Scheme Framework (MSF) with Pension Funds
Pension Fund
Ref: PFRDA/2026/04/REG-PF/02
Issue Date: 12-01-2026",01/12/2026,,CIRCULAR,05/05/2026
43446d4f70bf175d,"Operational Guidelines on New Enrolment Incentive (NEI) under Multiple Scheme Framework (MSF)
Pension Fund
Ref: PFRDA/2026/03/REG-PF/01
Issue Date: 07-01-2026",01/07/2026,,CIRCULAR,05/05/2026
841bb38eb3cda045,"NPS Vatsalya Scheme Guidelines 2025
Promotion and Development - NPS
Ref: PFRDA/2026/02/NPS-Vatsalya/01
Issue Date: 07-01-2026",01/07/2026,,CIRCULAR,05/05/2026
109dac925422865c,"OTP based authentication for paperless on-boarding-reg
Central Recordkeeping Agency
Ref: PFRDA/2026/01/SUP-CRA/01
Issue Date: 02-01-2026",01/02/2026,,CIRCULAR,05/05/2026
2fa625f9bd3a080e,"Incentive structure to PoPs for NPS enrollment facilitated through Farmer Producer Organizations (FPOs)
Point of Presence
Ref: PFRDA/2025/22/REG-POP/04
Issue Date: 15-12-2025",12/15/2025,,CIRCULAR,05/05/2026
003a4235ae0bb218,"Amendment to Master Circular - Guidelines on Know Your Customer / Anti Money Laundering/Combating the Financing of Terrorism (KYC/AML/CFT) issued on 25.09.2025 with an emphasis on KYC requirements for Non-Resident Indian (NRI) and Overseas Citizen of India (OCI) onboarding to NPS.
Point of Presence
Ref: PFRDA/2025/22/REG-POP/04
Issue Date: 02-12-2025",12/02/2025,,CIRCULAR,05/05/2026
ab6f8b31cae45f64,"Enhancement of Investment Choice Options under NPS & UPS for Central Government Subscribers
Pension Fund
Ref: PFRDA/2025/21/Reg-PF/03
Issue Date: 01-12-2025",12/01/2025,,CIRCULAR,05/05/2026
2e67cfc0a49d8488,"Corporate Model NPS: Revision in the provisions for exercising choices of Pension Funds and Investment Choices
Promotion and Development - NPS
Ref: PFRDA/2025/20/PDES/03
Issue Date: 07-11-2025",11/07/2025,,CIRCULAR,05/05/2026
3b24d4ba44958b0a,"Inclusion of Platform Service Partner under the National Pension System (NPS) - “NPS e-shramik (Platform Service Partner) Model”
Central Recordkeeping Agency Pension Fund Point of Presence
Ref: PFRDA/2025/19/PDES/02
Issue Date: 29-10-2025",10/29/2025,,CIRCULAR,05/05/2026
e28b1e933baaafb7,"Guidelines on Subscriber Onboarding in National Pension System (NPS) and Revised Subscriber Registration Form (SRF)
Point of Presence
Ref: PFRDA/2025/17/REG-POP/02
Issue Date: 17-10-2025",10/17/2025,,CIRCULAR,05/05/2026
66b3a5f7f57996a6,"Rationalization of Nomenclature of Auto Choice / Life Cycle Funds under the NPS Multiple Choices of Investment under Common Schemes
Central Recordkeeping Agency NPS Trust Pension Fund Promotion and Development - NPS Point of Presence Trustee Bank
Ref: PFRDA/2025/16/Reg-PF/02
Issue Date: 17-10-2025",10/17/2025,,CIRCULAR,05/05/2026
ebbb7aa9a8149027,"Clarification on permitting the Points of Presence for engagement of Non-Individual Intermediaries registered with any financial sector regulator like RBI, IRDAI, SEBI, and PFRDA as Pension Agents for distribution of Pension Schemes
Point of Presence
Ref: PFRDA/2025/17/REG-POP/02
Issue Date: 16-10-2025",10/16/2025,,CIRCULAR,05/05/2026
b77e431e2bb12a37,"Mandatory Source Nodal Office Authorization for Inter-Sector Shifting (ISS) and Exit Requests for Government Sector Subscribers
Central Recordkeeping Agency Point of Presence
Ref: PFRDA/2025/15/SUP-CRA/1
Issue Date: 10-10-2025",10/10/2025,,CIRCULAR,05/05/2026
e98c6d31464c8c50,"Extension of cut-off date for exercising Option of Unified Pension Scheme (UPS) under NPS by two months i.e., upto 30th November 2025
Unified Pension Scheme
Ref: PFRDA/2025/14/SUP-CG-SG/06
Issue Date: 06-10-2025",10/06/2025,,CIRCULAR,05/05/2026
36ff2cced441151d,"Central Government employees on Deputation / Foreign service to submit Physical ‘Form A2’ to opt for UPS
Unified Pension Scheme
Ref: PFRDA/2025/13/SUP-CG-SG/05
Issue Date: 24-09-2025",09/24/2025,,CIRCULAR,05/05/2026
d67ba14c45b9b9f3,"Permitting the Points of Presence for engagement of 'other persons' as Pension Agents for distribution of Pension Schemes under Regulation 2(1)(j)(iv) of Pension Fund Regulatory and Development Authority (Point of Presence) Regulations, 2018, subject to approval by the Board of POPs
Point of Presence
Ref: PFRDA/2025/12/REG-POP/01
Issue Date: 23-09-2025",09/23/2025,,CIRCULAR,05/05/2026
a4889e876bdc1de9,"Physical submission of ‘Form A1’ by New Joinees intending to opt for UPS by 30.09.2025 – reg.
Unified Pension Scheme
Ref: PFRDA/2025/11/SUP-CG-SG/04
Issue Date: 19-09-2025",09/19/2025,,CIRCULAR,05/05/2026
236bb6aa654e09d2,"Introduction of Multiple Scheme Framework (MSF) for Non-Government Sector Subscribers under NPS – Section 20(2) of PFRDA Act 2013
Central Recordkeeping Agency NPS Trust Pension Fund Promotion and Development - NPS Point of Presence Trustee Bank
Ref: PFRDA/2025/09/REG-PF/01
Issue Date: 16-09-2025",09/16/2025,,CIRCULAR,05/05/2026
dc6b662fdc5ae02f,"Physical submission of UPS requests to nodal offices till 30.09.2025 – reg
Unified Pension Scheme
Ref: PFRDA/2025/10/SUP-CG-SG/03
Issue Date: 16-09-2025",09/16/2025,,CIRCULAR,05/05/2026
7d0e242a946fc2f1,"Circular - Guidelines on Price Discovery Process for the charges of Central Recordkeeping Agencies (CRAs) for the services rendered by them to the subscribers
Central Recordkeeping Agency
Ref: PFRDA/2025/06/REG-CRA/01
Issue Date: 15-09-2025",09/15/2025,,CIRCULAR,05/05/2026
b568ed90a124c3a6,"One-time option for Central Government employees who joined services on or after 01.04.2025 and up to 31.08.2025 to opt for Unified Pension Scheme (UPS) – Reg
Unified Pension Scheme
Ref: PFRDA/2025/08/SUP-CG-SG/02
Issue Date: 14-09-2025",09/14/2025,,CIRCULAR,05/05/2026
56c74b2b6058af42,"Corporate Model NPS Revision in provisions for exercising PF and investment choices & Bulk Authorization of employees' NPS application by corporates
Promotion and Development - NPS
Ref: PFRDA/2025/07/PDES/01
Issue Date: 12-09-2025",09/12/2025,,CIRCULAR,05/05/2026
230c20cd2e79fd33,"Guidelines on Classification of Cybersecurity Incidents
Information and Cyber Security
Ref: PFRDA/2025/05/ICS/01
Issue Date: 04-09-2025",09/04/2025,,CIRCULAR,05/05/2026
a7b2345be932d368,"Extension of cut-off date for exercising Option of Unified Pension Scheme (UPS) under NPS by three months i.e. upto 30 September 2025
Unified Pension Scheme
Ref: PFRDA/2025/04/SUP-CG-SG/01
Issue Date: 26-06-2025",06/26/2025,,CIRCULAR,05/05/2026
2b7126928369ac4f,"Settlement of Corpus & Closure of NPS account in case NPS subscriber renounces Indian citizenship and does not hold OCI card - reg.
Exit
Ref: PFRDA/2025/2/REG-EXIT/01
Issue Date: 21-04-2025",04/21/2025,,CIRCULAR,05/05/2026
51a9f2a1a063cdcb,"Discontinuation of the practice of waiver of Overdue Interest (ODI) on delayed upload of contributions under APY
Atal Pension Yojna
Ref: PFRDA/03/05/1/0001/2019-PnD-APY
Issue Date: 28-03-2025",03/28/2025,,CIRCULAR,05/05/2026
1cf8516f8e892dcc,"Regarding Timely and Quality Resolution of Grievances received under Centralized Public Grievance Redress and Monitoring System (CPGRAMS) Portal
CPGRAMS
Ref: PFRDA/2025/01/CPGRAMS/01
Issue Date: 24-02-2025",02/24/2025,,CIRCULAR,05/05/2026
ed26f83ffda104c8,"PFRDA (Framework for Prevention and Reporting of Fraud Under NPS Architecture) Guidelines, 2023
CG - SG
Ref: PFRDA/2023/36/Sup-CGSG/01
Issue Date: 19-12-2024",12/19/2024,,CIRCULAR,05/05/2026
5ac1343ce525d576,"Compliance with Regulation 10 (3) of the PFRDA (Exits and Withdrawals under the NPS) Regulations, 2015 for cancellation/surrender of annuity policies issued to NPS Subscribers by ASPs
Annuity Service Provider
Ref: PFRDA/2024/18/SUP-ASP/01
Issue Date: 24-10-2024",10/24/2024,,CIRCULAR,05/05/2026
33898dbd73a8f2c8,"Introduction of ""Balanced Life Cycle Fund"" (BLC) under National Pension System (NPS)
Promotion and Development - NPS
Ref: PFRDA/2024/17/PDES/02
Issue Date: 01-10-2024",10/01/2024,,CIRCULAR,05/05/2026
efec5404d52fcbf8,"Introduction of NPS Contributions through Bharat Bill Payment System (BBPS)
Central Recordkeeping Agency
Ref: PFRDA/2024/15/SUP-CRA/08
Issue Date: 28-08-2024",08/28/2024,,CIRCULAR,05/05/2026
68e572e83dd06b78,"Same Day Investment of NPS contributions (T+0) received by Trustee Bank effective from 1st July 2024
Central Recordkeeping Agency
Ref: PFRDA/2024/13/SUP-CRA/07
Issue Date: 26-06-2024",06/26/2024,,CIRCULAR,05/05/2026
b1a029c0682dc98a,"Appeal with Ombudsman for Resolution of Grievances under NPS & APY
Ombudsman
Ref: PFRDA/2024/11/OMBD/1
Issue Date: 03-05-2024",05/03/2024,,CIRCULAR,05/05/2026
a6efe66c6c4b70b1,"PFRDA (Digital Safety Practices for Government Nodal Offices Under NPS Architecture) Advisory, 2024
CG - SG
Ref: PFRDA/2024/07/Sup-CGSG/01
Issue Date: 27-03-2024",03/27/2024,,CIRCULAR,05/05/2026
cb2457988b65cb5d,"Mandatory Two - Factor Aadhaar Authentication for CRA System Access w.e.f. 1 st April 2024
Central Recordkeeping Agency
Ref: PFRDA 2024/06/Sup-CRA 03
Issue Date: 15-03-2024",03/15/2024,,CIRCULAR,05/05/2026
807af889d1dfdc85,"Meeting eligibility criteria of minimum net-worth under sub-regulation (e) of regulation 5 of the PFRDA (Point of Presence) Regulations, 2018 and amendments thereof
Point of Presence
Ref: PFRDA/2024/02/REG-POP/02
Issue Date: 11-03-2024",03/11/2024,,CIRCULAR,05/05/2026
948595d5b3e8d01a,"Surrender of existing CoR issued under Regulation 3(1)(iii) of the erstwhile PoP Regulations, 2018
Point of Presence
Ref: PFRDA/2024/03/REG-POP/03
Issue Date: 11-03-2024",03/11/2024,,CIRCULAR,05/05/2026
ac6a61c8ebecd8b1,"Risk Management Framework for the Central Recordkeeping Agencies (CRAs) under NPS architecture
Central Recordkeeping Agency
Ref: PFRDA/2024/04/Sup-CRA/01
Issue Date: 21-02-2024",02/21/2024,,CIRCULAR,05/05/2026
a2ff95bd9f74cc30,"Securing NPS transactions through Aadhaar-based access of CRA system under the Government sector
Central Recordkeeping Agency
Ref: PFRDA/2024/05/Sup-CRA/02
Issue Date: 20-02-2024",02/20/2024,,CIRCULAR,05/05/2026
992518239f069db4,"Information and Cyber Security Policy Guidelines - 2024 For Intermediaries / Regulated Entities
Information and Cyber Security
Ref: PFRDA/2024/14/ICS/01
Issue Date: 08-01-2024",01/08/2024,,CIRCULAR,05/05/2026
08a8895770ee4599,"Guidelines for Operational Activities-to be followed by Point of Presence (POPs-APY) 
Point of Presence
Ref: PFRDA/2021/31/SUP-POP/5
Issue Date: 23-12-2023",12/23/2023,,CIRCULAR,05/05/2026
55cbe9411e91e8d2,"Convenience of NPS Contribution through Personalized QR Code of D Remit
Central Recordkeeping Agency
Ref: PFRDA/2023/35/Sup-CRA/11
Issue Date: 06-12-2023",12/06/2023,,CIRCULAR,05/05/2026
3b6f80dc910f3c53,"Policy on adoption of cloud services by intermediaries regulated by PFRDA
Information and Cyber Security
Ref: PFRDA/2023/33/ICS/01
Issue Date: 23-11-2023",11/23/2023,,CIRCULAR,05/05/2026
6e1ac4ca9154dd69,"Option for subscribers under NPS All Citizen Model (Tier-I), NPS Corporate Model (Tier-I) and NPS Tier-II (all subscribers) of selection of multiple Pension Funds in accordance with the asset classes (except Alternate Asset Class or Scheme A)
Pension Fund
Ref: PFRDA/2023/33/REG-PF/03
Issue Date: 22-11-2023",11/22/2023,,CIRCULAR,05/05/2026
2114f9f0458ebd74,"Financial Information User under Account Aggregator Framework - reg.
Point of Presence
Ref: PFRDA/2023/32/REG-POP/07
Issue Date: 22-11-2023",11/22/2023,,CIRCULAR,05/05/2026
65ae5c42f717ef22,"Addendum to the Valuation Guidelines for securities held under NPS issued vide circular no. PFRDA/2019/23/REG-PF/4 dt 21-Nov-2019
Pension Fund
Ref: PFRDA/2023/31/REG-PF/02
Issue Date: 16-11-2023",11/16/2023,,CIRCULAR,05/05/2026
ba52a61b3b6ecc40,"Facility of Systematic Lump sum Withdrawal (SLW) for NPS Subscribers
Central Recordkeeping Agency
Ref: PFRDA/2023/30/SUP-CRA/10
Issue Date: 27-10-2023",10/27/2023,,CIRCULAR,05/05/2026
7fce442e6efbb5f6,Master Circulars,,,MASTER_CIRCULAR,05/05/2026
d08116c1c9367f88,master-circulars,,,MASTER_CIRCULAR,05/05/2026
c1e8c20e4dfc5ac4,Past Hour   (0),,,MASTER_CIRCULAR,05/05/2026
1fd8b9efd0676a93,"Master Circular on Investment Guidelines under NPS in Non-Government Sector
Pension Fund
Ref: PFRDA/Master Circular/2025/06/PF-04
Issue Date: 10-12-2025",12/10/2025,,MASTER_CIRCULAR,05/05/2026
f179957cfd58f421,"Master Circular on Investment Guidelines for UPS/NPS/APY Schemes- Central/ State Government (default), Corporate CG, NPS Lite, Atal Pension Yojana and APY Fund Scheme
Pension Fund
Ref: PFRDA/Master Circular/2025/05/PF-03
Issue Date: 10-12-2025",12/10/2025,,MASTER_CIRCULAR,05/05/2026
b0352525bde2a1a3,"Master Circular - Guidelines on Know Your Customer / Anti Money Laundering/Combating the Financing of Terrorism (KYC/AML/CFT)
Point of Presence
Ref: PFRDA/Master Circular/2024/04/PoP-02
Issue Date: 25-09-2025",09/25/2025,,MASTER_CIRCULAR,05/05/2026
834fa658d2f99252,"Master Circular - Choice of Selection of CRA for NPS or any other pension scheme
Central Recordkeeping Agency
Ref: PFRDA/Master Circular/2025/01/CRA-01
Issue Date: 15-09-2025",09/15/2025,,MASTER_CIRCULAR,05/05/2026
3b95737b5e780fa9,"Master Circular - Advisories to be followed by Point of Presence (PoPs) under NPS (All Citizen and Corporate) / NPS-Lite / APY
Point of Presence National Pension System
Ref: PFRDA/Master Circular/2025/01/PoP-01
Issue Date: 14-01-2025",01/14/2025,,MASTER_CIRCULAR,05/05/2026
300499f2884ee90b,"Master Circular – Guidance to Retirement Advisers 
Retirement Advisor
Ref: PFRDA/Master Circular/2024/06/RA-01
Issue Date: 27-11-2024",11/27/2024,,MASTER_CIRCULAR,05/05/2026
fce9e553bdccb8a6,"eAPY – Online facility to ease onboarding and seeding of Aadhaar for APY subscribers
Atal Pension Yojna
Ref: PFRDA/MASTERCIRCULAR/2024/02/CRA-02
Issue Date: 31-01-2024",01/31/2024,,MASTER_CIRCULAR,05/05/2026
aec4a75820d75842,"Partial Withdrawal of Accumulated Pension Wealth under the National Pension System (NPS)
National Pension System
Ref: PFRDA/MASTERCIRCULAR/2024/01/CRA-01
Issue Date: 12-01-2024",01/12/2024,,MASTER_CIRCULAR,05/05/2026
3df4da974e151e81,"eNPS for Government Sector – A new on-boarding feature to ease the process of subscriber registration
National Pension System
Ref: PFRDA/MASTERCIRCULAR/2023/05/CRA-03
Issue Date: 29-12-2023",12/29/2023,,MASTER_CIRCULAR,05/05/2026
5d495799a3877e9d,"NPS On-boarding through Online PRAN Generation Module (OPGM)
National Pension System
Ref: PFRDA/MASTERCIRCULAR/2023/04/CRA-02
Issue Date: 23-11-2023",11/23/2023,,MASTER_CIRCULAR,05/05/2026
c727c5fef1e96366,"Master Circular on Investment Guidelines for NPS Tier-I & Tier-II (Other than Central/State Government, Corporate CG, NPS Lite and APY)
National Pension System
Ref: PFRDA/MASTERCIRCULAR/2023/02/PF-02
Issue Date: 22-09-2023",09/22/2023,,MASTER_CIRCULAR,05/05/2026
3ef2b0affdc5c76e,"Master Circular on Investment Guidelines for NPS/APY Schemes- Central Government, State Government, Corporate CG, NPS Lite, Atal Pension Yojana and APY Fund Scheme
National Pension System
Ref: PFRDA/MASTERCIRCULAR/2023/01/PF-01
Issue Date: 18-08-2023",08/18/2023,,MASTER_CIRCULAR,05/05/2026
f96122f38559adde,Past Hour   (0),,,NOTIFICATION,05/05/2026
7df3125827c001ce,"Reconstitution of Pension Advisory Committee (PAC)
PFRDA
Issue Date: 30-01-2026",01/30/2026,,NOTIFICATION,05/05/2026
28502b13f67af938,"Reconstitution of Pension Advisory Committee (PAC)
PFRDA
Issue Date: 08-01-2026",01/08/2026,,NOTIFICATION,05/05/2026
387e5874902672ca,"The Central Civil Services (Implementation of the Unified Pension Scheme under the National Pension System) Rules, 2025
Central Government
Issue Date: 02-09-2025",09/02/2025,,NOTIFICATION,05/05/2026
75015a937d6882c2,"Andhra Pradesh - Choice of Pension Fund and Investment pattern in NPS Tier - I
State Government
Ref: GO.Ms.No.9
Issue Date: 25-02-2025",02/25/2025,,NOTIFICATION,05/05/2026
4cf628a42c01d5c9,"Gazette_Notification on UPS
Central Government
Ref: F. No. FX-1/3/2024-PR
Issue Date: 25-01-2025",01/25/2025,,NOTIFICATION,05/05/2026
428dc9bfe15ee903,"Gujarat-The Gujarat Civil Services (New Contributory Pension Scheme) Rules, 2024
State Government
Ref: No. (GN-20)-NPY-102021-D-19-P (PENSION CELL)
Issue Date: 15-03-2024",03/15/2024,,NOTIFICATION,05/05/2026
4c2dbd6efa3ba861,"Arunachal Pradesh - Extension of Benefits under Rule 10 of CCS (Implementation of NPS), Rules 2021
State Government
Ref: OM No. DA/X/16/2014
Issue Date: 21-06-2023",06/21/2023,,NOTIFICATION,05/05/2026
6138671f2727178d,"Arunachal Pradesh - Choice of Pension Fund Manager and Investment Pattern
State Government
Ref: Notification No. DA/X/17/2014-19 (Pt.-II)
Issue Date: 11-06-2023",06/11/2023,,NOTIFICATION,05/05/2026
b3bac0cc21689287,"Gujarat-NPS contribution enhancement 10% to 14%
State Government
Ref: No./102011/D/245/P(Pa.Fa.1)
Issue Date: 29-10-2022",10/29/2022,,NOTIFICATION,05/05/2026
8089b120ff7c3695,"Maharashtra-Choice of Pension Fund & Investment Pattern
State Government
Ref: 2020/P.No.7/Services-4
Issue Date: 30-09-2022",09/30/2022,,NOTIFICATION,05/05/2026
76eb7457a961457f,"Arunachal Pradesh-NPS contribution enhancement 10% to 14%
State Government
Ref: No.DA/X/14/12/2014-19 (Pt.-01)/477-78
Issue Date: 28-05-2022",05/28/2022,,NOTIFICATION,05/05/2026
5ddd49761595c994,"Reconstitution of Pension Advisory Committtee(PAC)
PFRDA
Ref: F. No. PFRDA/17/RES/25
Issue Date: 19-05-2022",05/19/2022,,NOTIFICATION,05/05/2026
af50067f7ad0655e,"Tripura-Central Civil Services (Implementation of National Pension System) Rules, 2021 Adaptation Order, 2022
State Government
Ref: No.F.9(1)(131)-FIN(E)/2013/PART-VI/288
Issue Date: 16-04-2022",04/16/2022,,NOTIFICATION,05/05/2026
2016f37076bda01b,"Chhattisgarh-NPS contribution enhancement 10% to 14%
State Government
Ref: No. F-2019-04-04884
Issue Date: 03-02-2022",02/03/2022,,NOTIFICATION,05/05/2026
00687089fd4e0b11,"Haryana-NPS contribution enhancement 10% to 14%
State Government
Ref: No.2/47/2OO7-1 Pension (FD)
Issue Date: 27-01-2022",01/27/2022,,NOTIFICATION,05/05/2026
5f3f4841fedd5c47,"Karnataka-Choice of Pension Fund & Investment Pattern
State Government
Ref: AE 181 CEN 2021
Issue Date: 06-12-2021",12/06/2021,,NOTIFICATION,05/05/2026
226af5e6381d826b,"Odisha-NPS contribution enhancement 10% to 14%
State Government
Ref: No.28746-FIN-NPS-SCHEME-0001-2019/F
Issue Date: 11-10-2021",10/11/2021,,NOTIFICATION,05/05/2026
c39b96cabdb2561a,"Goa-NPS contribution enhancement 10% to 14%
State Government
Ref: No.12/1/2021-Fin(R&C)/1716
Issue Date: 11-08-2021",08/11/2021,,NOTIFICATION,05/05/2026
f76c09250f50c482,"Jharkhand-NPS contribution enhancement 10% to 14%
State Government
Ref: No.G.P.F.-43-107/19/748
Issue Date: 08-07-2021",07/08/2021,,NOTIFICATION,05/05/2026
a93785de0170ace8,"West Bengal-Choice of Pension Fund & Investment Pattern for All India Services (AIS)
State Government
Ref: No.1877-F(Y)
Issue Date: 21-06-2021",06/21/2021,,NOTIFICATION,05/05/2026
163da95b0ee66a3d,"UT Ladakh -UT Notification
State Government
Ref: 83-F of 2021
Issue Date: 20-06-2021",06/20/2021,,NOTIFICATION,05/05/2026
c4e4faedb2acdb50,"Odisha-Choice of Pension Fund & Investment Pattern
State Government
Ref: No.15727-FIN-NPS-SCHEME-0003-2021/F
Issue Date: 08-06-2021",06/08/2021,,NOTIFICATION,05/05/2026
b818d5fff0b824fa,"Madhya Pradesh-NPS contribution enhancement 10% to 14%
State Government
Ref: AF:9-4/-/2021
Issue Date: 28-05-2021",05/28/2021,,NOTIFICATION,05/05/2026
2e6932df1a284a0e,"UT - Jammu & Kashmir-NPS contribution enhancement 10% to 14%
State Government
Ref: S.O.178
Issue Date: 20-05-2021",05/20/2021,,NOTIFICATION,05/05/2026
242c7dd762da712f,"Himachal Pradesh-Choice of Pension Fund & Investment Pattern
State Government
Ref: No.Fin(TR)B(10)-7/2012
Issue Date: 05-04-2021",04/05/2021,,NOTIFICATION,05/05/2026
854bbbe6e02c4e89,"The Central Civil Services (Implementation of National Pension System) Rules, 2021
Central Government
Issue Date: 31-03-2021",03/31/2021,,NOTIFICATION,05/05/2026
2ea4893e5d5ae1c7,"UT - Ladakh-NPS contribution enhancement 10% to 14%
State Government
Ref: 251-F of 2020
Issue Date: 20-01-2021",01/20/2021,,NOTIFICATION,05/05/2026
1ea4768eb74c60b3,"Tripura - Choice of Pension fund and investment pattern for NPS subscribers
State Government
Ref: No.F.9(1)(131)-FIN(E)/2020/15174-15303
Issue Date: 15-01-2021",01/15/2021,,NOTIFICATION,05/05/2026
15e7a30b4c144aac,"Assam-NPS contribution enhancement 10% to 14%
State Government
Ref: No.BW.7/2008/Pt./357
Issue Date: 04-11-2020",11/04/2020,,NOTIFICATION,05/05/2026
f0fa92fba6f2d753,"Assam-Choice of Pension Fund & Investment Pattern
State Government
Ref: No.BW.7/2008/Pt./357
Issue Date: 04-11-2020",11/04/2020,,NOTIFICATION,05/05/2026
56a44807748a7d11,"Reconstitution of Pension Advisory Committtee(PAC)
PFRDA
Ref: F. No. PFRDA/17/RES/25
Issue Date: 16-09-2020",09/16/2020,,NOTIFICATION,05/05/2026
5db86578fcb11eac,"UT - Chandigarh-NPS contribution enhancement 10% to 14%
State Government
Ref: No.2/19/2016-2FPPC/199
Issue Date: 05-02-2020",02/05/2020,,NOTIFICATION,05/05/2026
686864afa3418ef6,"Punjab-NPS contribution enhancement 10% to 14%
State Government
Ref: No.2/19/2016 2FPPC/198
Issue Date: 05-02-2020",02/05/2020,,NOTIFICATION,05/05/2026
18f7a71634f181e4,"Karnataka-NPS contribution enhancement 10% to 14%
State Government
Ref: G.O.No.FD 37 PEN 2019
Issue Date: 31-08-2019",08/31/2019,,NOTIFICATION,05/05/2026
c7b43ab6516768bf,"Maharashtra-NPS contribution enhancement 10% to 14%
State Government
Ref: 2012/Pro.No.266/Services-4
Issue Date: 19-08-2019",08/19/2019,,NOTIFICATION,05/05/2026
1a77a6ae6dd77f20,"UT - Puducherry-Choice of Pension Fund & Investment Pattern
State Government
Ref: G.O.Ms.No.157/FD/F3/A2/2019
Issue Date: 29-07-2019",07/29/2019,,NOTIFICATION,05/05/2026
57d8fd5956ae2f1b,"Bihar-Choice of Pension Fund & Investment Pattern
State Government
Ref: V.(27)Pay.Co.-10/2019/717
Issue Date: 29-07-2019",07/29/2019,,NOTIFICATION,05/05/2026
e3206bb184157e1e,"UT - Puducherry-NPS contribution enhancement 10% to 14%
State Government
Ref: G.O.Ms.No.157/FD/F3/A2/2019
Issue Date: 29-07-2019",07/29/2019,,NOTIFICATION,05/05/2026
44e9ea2e39c0920d,"Bihar-NPS contribution enhancement 10% to 14%
State Government
Ref: V.(27)Pay.Co.-10/2019/717
Issue Date: 29-07-2019",07/29/2019,,NOTIFICATION,05/05/2026
a863c98efc371941,"Kerala-NPS contribution enhancement 10% to 14%
State Government
Ref: G.O(P)No.83/2019/FIN
Issue Date: 10-07-2019",07/10/2019,,NOTIFICATION,05/05/2026
21d4ddf351c2e9dd,"Uttarakhand-NPS contribution enhancement 10% to 14%
State Government
Ref: 169/42/XXVII(10)/2016/2019
Issue Date: 12-06-2019",06/12/2019,,NOTIFICATION,05/05/2026
88776b92aa779f32,"West Bengal-NPS contribution enhancement 10% to 14% for All India Services (AIS)
State Government
Ref: No.2522-F(Y)
Issue Date: 26-04-2019",04/26/2019,,NOTIFICATION,05/05/2026
200c1bf69ea66c66,"Himachal Pradesh-NPS contribution enhancement 10% to 14%
State Government
Ref: Fin (Pen)A(3)-1/96-Loose
Issue Date: 22-04-2019",04/22/2019,,NOTIFICATION,05/05/2026
498aeeb1ba41df28,"Nagaland-NPS contribution enhancement 10% to 14%
State Government
Ref: No.FIN/ESTT-3/04(Pt)(Vol-I)
Issue Date: 01-04-2019",04/01/2019,,NOTIFICATION,05/05/2026
e073e7994356795f,"Uttar Pradesh-Choice of Pension Fund & Investment Pattern
State Government
Ref: सं 􀃉 या - 05/2019/ सा - 3-91/ दस - 2019-301(9)/2019
Issue Date: 13-02-2019",02/13/2019,,NOTIFICATION,05/05/2026
567576943578026f,"Uttar Pradesh-NPS contribution enhancement 10% to 14%
State Government
Ref: सं या - 05/2019/ सा - 3-91/ दस - 2019-301(9)/2019
Issue Date: 13-02-2019",02/13/2019,,NOTIFICATION,05/05/2026
6306bcfa3c6842e3,"Gazette notification Revision in NPS Government sector
Central Government
Issue Date: 31-01-2019",01/31/2019,,NOTIFICATION,05/05/2026
b23c8bc91244404e,"Reconstitution of Pension Advisory Committtee(PAC)
PFRDA
Ref: F. No. PFRDA/17/RES/25
Issue Date: 24-12-2018",12/24/2018,,NOTIFICATION,05/05/2026
2ec7678c5096c098,"Tripura-State Notification
State Government
Ref: No.F.8(1)-FIN(G)/2004(P-I)-Finance Department Pension Cell
Issue Date: 01-07-2018",07/01/2018,,NOTIFICATION,05/05/2026
4f9390e0d6470e77,"Tripura-SAB Notification
State Government
Ref: No.F.8(1)-FIN(G)/2004(P-I)-Finance Department Pension Cell
Issue Date: 01-07-2018",07/01/2018,,NOTIFICATION,05/05/2026
b8bada9a042dc1c8,"Reconstitution of Pension Advisory Committtee(PAC)
PFRDA
Ref: F.No. PFRDA/17/COM/30
Issue Date: 02-03-2017",03/02/2017,,NOTIFICATION,05/05/2026
917df4c63836e86d,"Extension of benefits of Retirement Gratuity and Death Gratuity to Central Government employees covered by new Defined Contribution Pension System (NPS)
Central Government
Issue Date: 26-08-2016",08/26/2016,,NOTIFICATION,05/05/2026
9207674e0457bbd7,"Reconstitution of Pension Advisory Committtee(PAC)
PFRDA
Ref: F. No. PFRDA/17/RES/25
Issue Date: 19-08-2016",08/19/2016,,NOTIFICATION,05/05/2026
1dc4ee088321ce78,"Terms of Reference of the Seventh Central Pay Commission as contained in Ministry of Finance (DoE) Resolution No. 112013-EIII A dated 28022014
Central Government
Issue Date: 04-08-2016",08/04/2016,,NOTIFICATION,05/05/2026
5e0706005089a04f,"Reconstitution of Pension Advisory Committtee(PAC)
PFRDA
Ref: F. No. PFRDA/17/RES/25
Issue Date: 31-08-2015",08/31/2015,,NOTIFICATION,05/05/2026
e3fc5b86c8e5c29c,"Reconstitution of Pension Advisory Committtee(PAC)
PFRDA
Ref: F. No. PFRDA/17/RES/25
Issue Date: 08-05-2015",05/08/2015,,NOTIFICATION,05/05/2026
eeb4475bb2db75dc,"Investment to be followed by Non-Government Provident Funds
Central Government
Issue Date: 02-03-2015",03/02/2015,,NOTIFICATION,05/05/2026
b65f6fac950d5e35,"Karnataka-SAB Notification
State Government
Ref: FD(SPL) 209 PEN 2012 Of Finance Dept
Issue Date: 21-02-2015",02/21/2015,,NOTIFICATION,05/05/2026
2c1fff25ed89450f,"Appointment of members of Pension Advisory Committee
PFRDA
Ref: F. No. PFRDA/17/RES/25
Issue Date: 19-09-2014",09/19/2014,,NOTIFICATION,05/05/2026
808d789f736fbd63,"Telangana-State Notification
State Government
Ref: G.O.MS.No. 28.FINANCE (HRM-V) DEPARTMENT
Issue Date: 23-08-2014",08/23/2014,,NOTIFICATION,05/05/2026
e99c3e181ce4d86d,Past Hour   (0),,,GUIDELINE,05/05/2026
9824075552959a30,"Guidelines for Operational activities – to be followed by Point of Presence (PoPs) performing activities of National Pension System (NPS) including NPS Vatsalya
Point of Presence
Issue Date: 27-02-2026",02/27/2026,,GUIDELINE,05/05/2026
5aac808c87ae70b2,"Guidelines for Operational Activities - to be followed by Point of Presence (PoPs) performing activities of Atal Pension Yojana (APY)
Point of Presence
Issue Date: 27-02-2026",02/27/2026,,GUIDELINE,05/05/2026
9cfb4f083c0badfc,"Guidelines for Operational Activities - to be followed by Point of Presence (PoPs) performing activities of NPS Lite
Point of Presence
Issue Date: 27-02-2026",02/27/2026,,GUIDELINE,05/05/2026
e4ee483c9b24b5dc,"Registration of Pension Funds - Guidelines, 2026
Pension Fund
Issue Date: 12-01-2026",01/12/2026,,GUIDELINE,05/05/2026
8de3559856aa2b6d,"Registration of Pension Funds - Guidelines, 2025 (Archived)
Pension Fund
Issue Date: 04-12-2025",12/04/2025,,GUIDELINE,05/05/2026
6c29348759953783,"Accessibility Standards and Guidelines (for Creating Infrastructure for Persons with Disabilities) for PFRDA regulated intermediaries
Pension Fund
Issue Date: 16-08-2024",08/16/2024,,GUIDELINE,05/05/2026
d09fe4d466922cde,"Information and Cyber Security Policy Guidelines - 2024 For Intermediaries/ Regulated Entities
Retirement Advisor Central Recordkeeping Agency Custodian NPS Trust Pension Fund Point of Presence Trustee Bank
Ref: PFRDA/2024/14/ICS/01
Issue Date: 01-08-2024",08/01/2024,,GUIDELINE,05/05/2026
637d12e2c7652cf8,"PFRDA (Framework for Prevention and Reporting of Fraud Under NPS Architecture) Guidelines, 2023
National Pension System
Ref: PFRDA/2023/36/Sup-CGSG/01
Issue Date: 19-12-2023",12/19/2023,,GUIDELINE,05/05/2026
30c0cb3bf1f5456a,"Addendum to the Valuation Guidelines for securities held under NPS issued vide circular no. PFRDA/2019/23/REG-PF/4 dt 21-Nov-2019
National Pension System
Ref: PFRDA/2023/31/REG-PF/02
Issue Date: 16-11-2023",11/16/2023,,GUIDELINE,05/05/2026
80d45d2852b70e38,"Guidelines for Operational Activities - to be followed by Point of Presence (PoPs- NPS-lite)
Point of Presence National Pension System
Ref: PFRDA/2023/SUP-POP/05
Issue Date: 18-07-2023",07/18/2023,,GUIDELINE,05/05/2026
5f909f34debbb557,"Guidelines for Operational Activities - to be followed by Point of Presence (PoPs) performing activities of National Pension System (NPS)
Point of Presence
Ref: PFRDA/2023/21/SUP-POP/04
Issue Date: 30-06-2023",06/30/2023,,GUIDELINE,05/05/2026
c2fbbff378be4c63,"Audit of Points of Presence performing activities of Atal Pension Yojana (PoPs-APY)
Atal Pension Yojna Point of Presence
Ref: PFRDA/2023/15/Sup-PoP/01
Issue Date: 29-05-2023",05/29/2023,,GUIDELINE,05/05/2026
2479e4f7f579fdb6,"Registration of Pension Funds - Guidelines, 2021
Pension Fund
Issue Date: 18-04-2022",04/18/2022,,GUIDELINE,05/05/2026
de2a53d90279ccc7,"Guidelines for Operational Activities - to be followed by Point of Presence (PoPs-NPS-Lite)
Point of Presence National Pension System
Ref: PFRDA/2022/06/SUP-POP/01
Issue Date: 16-03-2022",03/16/2022,,GUIDELINE,05/05/2026
a42fe3f671949bc7,"Guidelines for Operational Activities-to be followed by Point of Presence (POPs-APY) 
Atal Pension Yojna Point of Presence
Ref: PFRDA/2021/31/SUP-POP/5
Issue Date: 23-12-2021",12/23/2021,,GUIDELINE,05/05/2026
e2f990410b5f400c,"Broad Guidelines on Empanelment of Brokers by Pension Funds
Pension Fund
Ref: PFRDA/2021/43/REG-PF/7
Issue Date: 07-10-2021",10/07/2021,,GUIDELINE,05/05/2026
c02b70b8950be040,"Change in Guidelines on aggregate holding of equity shares by a foreign company in Pension Funds as provided under Section 24 of the PFRDA Act ,2013 - Manner of calculation of such aggregate holding of equity shares by a foreign company in a Pension Fund under National Pension System
Pension Fund
Ref: PFRDA/2021/27/REG-PF/1
Issue Date: 20-07-2021",07/20/2021,,GUIDELINE,05/05/2026
81d6b41587485724,"Operational Guidelines for National Pension Scheme Tier II - Tax Saver Scheme, 2020 (NPS - TTS)
Ref: PFRDA/10/01/1/0003/2018-PDES
Issue Date: 17-08-2020",08/17/2020,,GUIDELINE,05/05/2026
5d6ddabf38b3e8bc,"Guidelines on aggregate holding of equity shares by a foreign company in Pension Funds as provided under Section 24 of the PFRDA Act,2013 - Manner of calculation of such aggregate holding of equity shares by a foreign company in a Pension Fund under National Pension System
Ref: PFRDA/2020/34/REG-PF/4
Issue Date: 13-08-2020",08/13/2020,,GUIDELINE,05/05/2026
17d35e1175b802c8,"Revised Valuation Guidelines For Valuation Of Securities under NPS Schemes and other Pension Scheme(s) administered by PFRDA
National Pension System Unified Pension Scheme
Ref: PFRDA/2019/23/REG-PF/4
Issue Date: 21-11-2019",11/21/2019,,GUIDELINE,05/05/2026
2d6d7df1f436d1e2,"Guidelines for appointment of trustee under Pfrda (National Pension system Trust) Regulations, 2015
Trustee Bank
Ref: PFRDA/2018/42/NPS-T/1
Issue Date: 12-01-2018",01/12/2018,,GUIDELINE,05/05/2026
bce0277d4b67b33f,"Guidelines on deferment of lumpsum,annuity and continuation of Tier-II accounts under National Pension System
National Pension System
Ref: PFRDA/2017/32/Exit/2
Issue Date: 09-10-2017",10/09/2017,,GUIDELINE,05/05/2026
5daf6e02f9ba6826,"Guidelines for Operational Activities to be followed by Retirement Advisers
Retirement Advisor
Ref: PFRDA/16/13/15/0011/2017-REG-RA
Issue Date: 21-08-2017",08/21/2017,,GUIDELINE,05/05/2026
3a2bbd146ac29c97,"Revised Guidelines in respect of Contribution Collection and Service Charges for opening NPS Accounts for NRIs
National Pension System
Ref: PFRDA/2016/CORP/23/1
Issue Date: 12-01-2016",01/12/2016,,GUIDELINE,05/05/2026
cf1833edca0bee0e,"Guidelines for Appointment of Trustees under National Pension System Trust Regulations, 2015
NPS Trust
Ref: PFRDA/2015/18/LGL/01
Issue Date: 18-06-2015",06/18/2015,,GUIDELINE,05/05/2026
6d02dbaae3923cbb,"Amendment to PFRDA(Preparation of financial statements and Auditor's Report of Schemes under NPS) Guidelines-2012
National Pension System
Ref: PFRDA/2015/01/PFM/01
Issue Date: 05-01-2015",01/05/2015,,GUIDELINE,05/05/2026
2b922d45f8479313,"First Amendment to PFRDA(Preparation of Financial Statements and Auditor's Report of schemes under NPS) Guidelines-2012
National Pension System
Ref: PFRDA/2013/8/PFM/2
Issue Date: 11-04-2013",04/11/2013,,GUIDELINE,05/05/2026
e9ea7bb8ed889df6,Past Hour   (0),,,REGULATION,05/05/2026
3ee8dad66dd58e79,"Pension Fund Regulatory and Development Authority (Point Of Presence) (Amendment) Regulations, 2026
Point of Presence
Issue Date: 27-03-2026",03/27/2026,,REGULATION,05/05/2026
a54b1c92601f0311,"Pension Fund Regulatory and Development Authority (Exits and Withdrawals under the National Pension System) Regulations, 2015 [Last amended on 16 December 2025]
Exit Exits and Withdrawals
Issue Date: 02-02-2026",02/02/2026,,REGULATION,05/05/2026
5633de9d8e6e32df,"Pension Fund Regulatory and Development Authority (Operationalisation of Unified Pension Scheme under National Pension System) (Amendment) Regulations, 2025
Unified Pension Scheme
Issue Date: 27-12-2025",12/27/2025,,REGULATION,05/05/2026
44d387c256841ff4,"Pension Fund Regulatory and Development Authority (Exits and Withdrawals under the National Pension System) (Amendment) Regulations, 2025
Exits and Withdrawals
Issue Date: 16-12-2025",12/16/2025,,REGULATION,05/05/2026
a1365b3ab7469eea,"Pension Fund Regulatory And Development Authority (Employees’ Service) (Second Amendment) Regulations, 2025
Employees Service
Issue Date: 13-10-2025",10/13/2025,,REGULATION,05/05/2026
e85ac5cd509bf5d7,"Pension Fund Regulatory and Development Authority (Employees Service) Amendment Regulations, 2025
Employees Service
Issue Date: 29-05-2025",05/29/2025,,REGULATION,05/05/2026
44f6fb32fb763303,"Pension Fund Regulatory and Development Authority (Operationalisation of Unified Pension Scheme under National Pension System) Regulations, 2025
Unified Pension Scheme
Issue Date: 19-03-2025",03/19/2025,,REGULATION,05/05/2026
60b4ad867b6db588,"Pension Fund Regulatory and Development Authority (Mechanism for Making and Review of Regulations) Regulations, 2024
Mechanism for Making and Review of Regulations
Issue Date: 26-04-2024",04/26/2024,,REGULATION,05/05/2026
a7b3b911953ded84,"Pension Fund Regulatory and Development Authority (Pension Fund) (Second Amendment) Regulations, 2023
Pension Fund
Issue Date: 28-02-2024",02/28/2024,,REGULATION,05/05/2026
d78768d9f432f121,"Pension Fund Regulatory and Development Authority (Custodian of Securities) (Amendment) Regulations, 2023
Custodian
Issue Date: 21-02-2024",02/21/2024,,REGULATION,05/05/2026
85fc0a02cd9fe9cb,"Pension Fund Regulatory and Development Authority (Retirement Adviser) (Amendment) Regulations 2023
Retirement Advisor
Issue Date: 21-02-2024",02/21/2024,,REGULATION,05/05/2026
1eb6d80b186f593e,"Pension Fund Regulatory and Development Authority (Redressal of Subscriber Grievance) (Second Amendment) Regulations, 2023
Redressal of Subscriber Grievance
Issue Date: 21-02-2024",02/21/2024,,REGULATION,05/05/2026
0e397e3facfe5e25,"Pension Fund Regulatory and Development Authority (Central Recordkeeping Agency) (Amendment) Regulations, 2023
Central Recordkeeping Agency
Issue Date: 09-02-2024",02/09/2024,,REGULATION,05/05/2026
41366b16e31751a0,"Pension Fund Regulatory and Development Authority (Trustee Bank) (Amendment) Regulations, 2023
Trustee Bank
Issue Date: 09-02-2024",02/09/2024,,REGULATION,05/05/2026
dc70de8b6eb0a2f0,"Pension Fund Regulatory and Development Authority (Pension Fund) (Amendment) Regulations, 2023
Pension Fund
Issue Date: 09-02-2024",02/09/2024,,REGULATION,05/05/2026
5e5f771d8f460300,"Pension Fund Regulatory and Development Authority (National Pension System Trust) (Second Amendment) Regulations 2023
NPS Trust
Issue Date: 07-02-2024",02/07/2024,,REGULATION,05/05/2026
0368695679000b57,"Pension Fund Regulatory and Development Authority (Subscriber Education and Protection Fund) (Amendment) Regulations, 2023
Subscriber Education and Protection Fund
Issue Date: 29-01-2024",01/29/2024,,REGULATION,05/05/2026
67b099b3c5d110fa,"Pension Fund Regulatory and Development Authority (Point Of Presence) (Amendment) Regulations 2023
Point of Presence
Issue Date: 11-01-2024",01/11/2024,,REGULATION,05/05/2026
288fd59021ab48fd,"Pension Fund Regulatory and Development Authority (National Pension System Trust) (Amendment) Regulations 2023
NPS Trust
Issue Date: 17-04-2023",04/17/2023,,REGULATION,05/05/2026
6abd297dfe8b006f,"Pension Fund Regulatory and Development Authority (Redressal of Subscriber Grievance) (Amendment) Regulations, 2023
Redressal of Subscriber Grievance
Issue Date: 27-03-2023",03/27/2023,,REGULATION,05/05/2026
aa2d84284a2748db,"Pension Fund Regulatory and Development Authority (Exits and Withdrawals Under The National Pension System) (Amendment) Regulations, 2023
Exits and Withdrawals
Issue Date: 23-03-2023",03/23/2023,,REGULATION,05/05/2026
ac71939b70ade387,"Pension Fund Regulatory and Development Authority (Redressal of Subscriber Grievance) (Amendment) Regulations, 2022
Redressal of Subscriber Grievance
Issue Date: 25-05-2022",05/25/2022,,REGULATION,05/05/2026
1df7c3d35b98ae3e,"PFRDA (Employee Service) (Amendment) Regulations, 2022
Employees Service
Issue Date: 13-04-2022",04/13/2022,,REGULATION,05/05/2026
cef119a89d11315a,"PENSION FUND REGULATORY AND DEVELOPMENT AUTHORITY (EXITS AND WITHDRAWALS UNDER THE NATIONAL PENSION SYSTEM) (SECOND AMENDMENT) REGULATIONS, 2021
Exits and Withdrawals
Ref: No. PFRDA/12/RGL/139/8
Issue Date: 28-12-2021",12/28/2021,,REGULATION,05/05/2026
d6ec08015eb14923,"PENSION FUND REGULATORY AND DEVELOPMENT AUTHORITY (CUSTODIAN OF SECURITIES) (AMENDMENT) REGULATIONS, 2021
Custodian
Ref: F. No. PFRDA/12/RGL/139/10
Issue Date: 22-09-2021",09/22/2021,,REGULATION,05/05/2026
2a3726a50c43f963,"PENSION FUND REGULATORY AND DEVELOPMENT AUTHORITY (PENSION FUND) (SIXTH AMENDMENT) REGULATIONS, 2021
Pension Fund
Issue Date: 15-07-2021",07/15/2021,,REGULATION,05/05/2026
15122d64a5b48a74,"Pension Fund Regulatory And Development Authority (Employees Service) (Second Amendment) Regulations,2021
Employees Service
Issue Date: 02-07-2021",07/02/2021,,REGULATION,05/05/2026
8c16c660d0424b6f,"Pension Fund Regulatory and Development Authority (Central Recordkeeping Agency) (Amendment) Regulations, 2021
Central Recordkeeping Agency
Issue Date: 14-06-2021",06/14/2021,,REGULATION,05/05/2026
47d20094b61f3350,"PENSION FUND REGULATORY AND DEVELOPMENT AUTHORITY (NATIONAL PENSION SYSTEM TRUST) (AMENDMENT) REGULATIONS, 2021
NPS Trust
Ref: No. PFRDA/12/RGL/139/5
Issue Date: 14-06-2021",06/14/2021,,REGULATION,05/05/2026
c69738d7eab65132,"Pension Fund Regulatory And Development Authority (Exits And Withdrawals Under The National Pension System) (Amendment) Regulations, 2021
Exits and Withdrawals
Issue Date: 14-06-2021",06/14/2021,,REGULATION,05/05/2026
fe633d4f75e63880,"PENSION FUND REGULATORY AND DEVELOPMENT AUTHORITY (POINT OF PRESENCE) (AMENDMENT) REGULATIONS, 2021
Point of Presence
Ref: No. PFRDA/12/RGL/139/3
Issue Date: 14-06-2021",06/14/2021,,REGULATION,05/05/2026
3be03f235dd7cb1a,"Pension Fund Regulatory and Development Authority (Pension Fund) (Fifth Amendment) Regulations, 2021
Pension Fund
Issue Date: 25-05-2021",05/25/2021,,REGULATION,05/05/2026
2ea5c890e22326c6,"Pension Fund Regulatory and Development Authority (Pension Fund) (Fourth Amendment) Regulations, 2021
Pension Fund
Issue Date: 01-04-2021",04/01/2021,,REGULATION,05/05/2026
9df9a7925148a20f,"Pension Fund Regulatory and Development Authority (Employees Service) (Amendment) Regulations, 2021
Employees Service
Issue Date: 24-03-2021",03/24/2021,,REGULATION,05/05/2026
4808bd860535783f,"Pension Fund Regulatory and Development Authority (Exits and Withdrawals Under the National Pension System) (Amendment) Regulations, 2020
Exits and Withdrawals
Issue Date: 30-09-2020",09/30/2020,,REGULATION,05/05/2026
7400c84489c00ab0,"Pension Fund Regulatory and Development Authority (Central Recordkeeping Agency) (Second Amendment) Regulations, 2020
Central Recordkeeping Agency
Issue Date: 29-07-2020",07/29/2020,,REGULATION,05/05/2026
a8c6e76db8f14ec8,"Pension Fund Regulatory and Development Authority (National Pension System Trust) (Second Amendment) Regulations 2020
NPS Trust
Issue Date: 29-07-2020",07/29/2020,,REGULATION,05/05/2026
6bf4477ef72bc89a,"Pension Fund Regulatory and Development Authority (Pension Fund) (Third Amendment) Regulations, 2020
Pension Fund
Issue Date: 14-05-2020",05/14/2020,,REGULATION,05/05/2026
9fb1bc3cbaf0193f,"Pension Fund Regulatory And Development Authority (Employees Service) (Amendment) Regulations,2020
Employees Service
Issue Date: 28-04-2020",04/28/2020,,REGULATION,05/05/2026
9bb0cd00685bec98,"Pension Fund Regulatory and Development Authority (Pension Fund) (Second Amendment) Regulations, 2020
Pension Fund
Issue Date: 05-02-2020",02/05/2020,,REGULATION,05/05/2026
384d96c7c7f94c13,"Pension Fund Regulatory and Development Authority (Retirement Adviser) (Fifth Amendment) Regulations 2019
Retirement Advisor
Issue Date: 03-12-2019",12/03/2019,,REGULATION,05/05/2026
b176d7d878d75b5a,"Pension Fund Regulatory and Development Authority (Exits and Withdrawals Under the National Pension System)(Sixth Amendment) Regulations, 2019
Exits and Withdrawals
Issue Date: 23-09-2019",09/23/2019,,REGULATION,05/05/2026
e90366bf91ed6ca7,"Pension Fund Regulatory and Development Authority (National Pension System Trust) (First Amendment) Regulations 2019
NPS Trust
Issue Date: 29-07-2019",07/29/2019,,REGULATION,05/05/2026
3d710eea2d1ce5f0,"Pension Fund Regulatory and Development Authority (Exits and Withdrawals Under the National Pension System)(Fifth Amendment) Regulations, 2019
Exits and Withdrawals
Issue Date: 19-02-2019",02/19/2019,,REGULATION,05/05/2026
8d2f09599d6cb76a,"Pension Fund Regulatory and Development Authority (Trustee Bank) (First Amendment) Regulations, 2019
Trustee Bank
Issue Date: 19-02-2019",02/19/2019,,REGULATION,05/05/2026
90ed72d47ead8385,"PFRDA (Central Recordkeeping Agency) Regulations - Compilation of Amendments till 16-11-2018
Central Recordkeeping Agency
Issue Date: 16-11-2018",11/16/2018,,REGULATION,05/05/2026
12a534b185d44912,"PFRDA (Pension Funds) Regulations - Compilation of Amendments till 16-11-2018
Pension Fund
Issue Date: 16-11-2018",11/16/2018,,REGULATION,05/05/2026
cb8cb50af8cc10a2,"PFRDA (Retirement Adviser) Regulations - Compilation of Amendments till 16-11-2018
Retirement Advisor
Issue Date: 16-11-2018",11/16/2018,,REGULATION,05/05/2026
152efd722636fdb4,"Pension Fund Regulatory And Development Authority (Employees Service) (First Amendment) Regulations,2018
Employees Service
Issue Date: 02-11-2018",11/02/2018,,REGULATION,05/05/2026
a8c121cfc26eef19,"Pension Fund Regulatory and Development Authority (Central Recordkeeping Agency) (First Amendment) Regulations, 2018
Central Recordkeeping Agency
Issue Date: 25-06-2018",06/25/2018,,REGULATION,05/05/2026
6b5443745781731c,"Pension Fund Regulatory And Development Authority(Point Of Presence) Regulations,2018
Point of Presence
Issue Date: 25-06-2018",06/25/2018,,REGULATION,05/05/2026
900ebd1a1e74fb91,"Pension Fund Regulatory and Development Authority (Exits and Withdrawals Under the National Pension System)(Fourth Amendment) Regulations, 2018
Exits and Withdrawals
Issue Date: 18-05-2018",05/18/2018,,REGULATION,05/05/2026
b887e9a0e3a79b2a,"Pension Fund Regulatory and Development Authority (Exits and Withdrawals Under the National Pension System)(Third Amendment) Regulations, 2018
Exits and Withdrawals
Issue Date: 02-02-2018",02/02/2018,,REGULATION,05/05/2026
763646cbf942273c,"Pension Fund Regulatory And Development Authority (Exits And Withdrawals Under The National Pension System) Regulations
Exits and Withdrawals
Issue Date: 02-02-2018",02/02/2018,,REGULATION,05/05/2026
3edf6acdc2b66798,"Pension Fund Regulatory and Development Authority (Retirement Adviser) (Fourth Amendment) Regulations 2017
Retirement Advisor
Issue Date: 28-12-2017",12/28/2017,,REGULATION,05/05/2026
b229c4cd6150d19f,"Pension Fund Regulatory and Development Authority (Exits and Withdrawals Under the National Pension System)(Second Amendment) Regulations, 2017
Exits and Withdrawals
Issue Date: 06-10-2017",10/06/2017,,REGULATION,05/05/2026
49205adb8d7098fd,"Pension Fund Regulatory and Development Authority (Retirement Adviser) (Third Amendment) Regulations 2017
National Pension System
Issue Date: 11-09-2017",09/11/2017,,REGULATION,05/05/2026
69faa15af923a1f7,"Pension Fund Regulatory and Development Authority (Exits and Withdrawals Under the National Pension System)(First Amendment) Regulations, 2017
National Pension System
Issue Date: 10-08-2017",08/10/2017,,REGULATION,05/05/2026
99f483a1c7b2121f,"Pension Fund Regulatory and Development Authority (Retirement Adviser) (Second Amendment) Regulations 2017
Retirement Advisor
Issue Date: 01-06-2017",06/01/2017,,REGULATION,05/05/2026
f1b1894132e1892f,"Pension Fund Regulatory and Development Authority (Point Of Presence) (Second Amendment) Regulations 2017
Point of Presence
Issue Date: 05-05-2017",05/05/2017,,REGULATION,05/05/2026
862059d491f09962,Orders and Notices,,,GENERAL_ORDER,05/05/2026
2ad5b0e945ceaf4e,Past Hour   (0),,,GENERAL_ORDER,05/05/2026
198576b9a7e0f528,"Public notice against ""NPS Services operated by Shri B. Vijay Kumar Reddy"" and ""Straddle Infotech Limited""
Issue Date: 01-08-2016",08/01/2016,,GENERAL_ORDER,05/05/2026
6a38b8ecd8538242,Past Hour   (0),,,ENFORCEMENT_ORDER,05/05/2026
f5d919833ef00929,CENTRAL KYC REGISTRY OPERATING GUIDELINES 2016,,,ENFORCEMENT_ORDER,05/05/2026
79c74b7ae8d503cb,List of Aggregators de-registered during the FY 2015-16 on the basis of having 'nil' subscriber base under NPS-Lite/Swavalamban,,,ENFORCEMENT_ORDER,05/05/2026
81a193f4c23f37e7,"Public Notice regarding M/s Rehmat(Regd),Delhi",,,ENFORCEMENT_ORDER,05/05/2026
261922181f4054e8,Public Notice on Frauds in the name of PFRDA/NPS,,,ENFORCEMENT_ORDER,05/05/2026
1f179c6338018070,"Intimation of change in address of office of Pension Fund Regulatory and Development Authority (PFRDA)
Issue Date: 04-04-2024",04/04/2024,,ENFORCEMENT_ORDER,05/05/2026
5d1e95a9765f2852,"Intimation of change in address of office of Pension Fund Regulatory and Development Authority (PFRDA) IN THE MATTER OF KARVY COMPUTERSHARE PRIVATE LIMITED (NOW K-FIN TECHNOLOGIES PVT. LTD.) (Case No. 2 of 2021)
Issue Date: 02-05-2022",05/02/2022,,ENFORCEMENT_ORDER,05/05/2026
c1ad2e3b034212f2,"FINAL ORDER - IN THE MATTER OF ALANKIT ASSIGNMENTS LTD. & ORS.
Issue Date: 02-05-2022",05/02/2022,,ENFORCEMENT_ORDER,05/05/2026
f9152727d840bf46,"Advisory for PoPs on submission of Funds and MIS by Corporates under NPS
Issue Date: 17-11-2016",11/17/2016,,ENFORCEMENT_ORDER,05/05/2026
d6b1a33178ba8055,"Warning Against Unauthorized Individuals Indulging in Fraudulent Activities using name of PFRDA & National Pension System (NPS)
Issue Date: 28-10-2016",10/28/2016,,ENFORCEMENT_ORDER,05/05/2026
5de0d67dd7fbbfb1,"Advisory on providing KYC information to Central KYC (CKYC) Registry by PoP
Ref: PFRDA/08/PoP/122
Issue Date: 14-07-2016",07/14/2016,,ENFORCEMENT_ORDER,05/05/2026
204173d68e76fc72,"Regulatory Advice to PoPs regarding timely submission of required MIS to NPS Trust
Issue Date: 06-04-2016",04/06/2016,,ENFORCEMENT_ORDER,05/05/2026
6d6454eba81831cc,"Regulatory Advice to PoPs regarding non response to queries of potential subscribers under NPS
Issue Date: 15-03-2016",03/15/2016,,ENFORCEMENT_ORDER,05/05/2026
e5485ae67e8d5b0b,"Public Notice regarding New/Fresh Enrollments under NPS Lite/Swavalamban
Issue Date: 13-01-2016",01/13/2016,,ENFORCEMENT_ORDER,05/05/2026
1431e4d251ac0b53,"Warning against Entities indulging in fraudulent activities under NPS Lite/Swavalamban
Issue Date: 13-01-2016",01/13/2016,,ENFORCEMENT_ORDER,05/05/2026
66f26106665e9c9f,"Public notice against - NPS Services operated by Shri B. Vijay Kumar Reddy and Straddle Infotech Limited
Issue Date: 30-11-2015",11/30/2015,,ENFORCEMENT_ORDER,05/05/2026
beef6d48bd20f759,"Public Notice against ""The Great Life Marketing, Zirakpur, Punjab""
Issue Date: 30-11-2015",11/30/2015,,ENFORCEMENT_ORDER,05/05/2026
ee903a731c32cf07,"Public Notice against Saga Trip Marketing Solutions Pvt Ltd and DSR Electronics and Financial Services Pvt Ltd
Issue Date: 18-09-2015",09/18/2015,,ENFORCEMENT_ORDER,05/05/2026
bb71b09f4f8e0d01,"Public Notice Regarding fraudulent collection of funds in the name of NPS
Issue Date: 20-08-2015",08/20/2015,,ENFORCEMENT_ORDER,05/05/2026
c185a3ccd0766b0a,"APY Notice- Benefits and Features
Issue Date: 25-06-2015",06/25/2015,,ENFORCEMENT_ORDER,05/05/2026
b39a6446ff2e7451,"Public Notice to all Swvalamban Subscribers between age group of 18-40 Years
Issue Date: 25-06-2015",06/25/2015,,ENFORCEMENT_ORDER,05/05/2026
1746cc79fdea85e8,"List of Cancelled Aggregator as on 30.11.2014
Issue Date: 30-11-2014",11/30/2014,,ENFORCEMENT_ORDER,05/05/2026
ee49892a49620a46,"List of Cancelled Aggregators as on 10.10.2014
Issue Date: 10-10-2014",10/10/2014,,ENFORCEMENT_ORDER,05/05/2026
1009a54a7d82fbae,"Notice regarding Swavalamban benefit to NPS Subscribers
Issue Date: 28-12-2010",12/28/2010,,ENFORCEMENT_ORDER,05/05/2026
81f1c7f2f6dbe21e,Past Hour   (0),,,NOTICE,05/05/2026
8d3bb3e38a66e4b5,"Implementation of Multiple NAVs framework w.e.f. 01st April 2026
Notice
Issue Date: 24-03-2026",03/24/2026,,NOTICE,05/05/2026
4f1fd82755084a6d,"PUBLIC NOTICE Caution against dealing with SALAI Holdings Pvt. Ltd. and SMART Society
Notice
Issue Date: 09-03-2026",03/09/2026,,NOTICE,05/05/2026
3f7a14cc66f0a235,"PUBLIC NOTICE Against fraudulent website and mobile application viz. xpo-ru
Notice
Issue Date: 13-02-2026",02/13/2026,,NOTICE,05/05/2026
b03e80985c083f4d,"Notice Inviting Applications/Proposals for Selection of Sponsors of PFs dated 28.01.2026
Notice
Ref: PFRDA/16/3/01/0001/2021-REG-PF
Issue Date: 28-01-2026",01/28/2026,,NOTICE,05/05/2026
b5f823933d2f318d,"Important Update for NPS Subscribers – Scheme A (Tier I)
Notice
Ref: PFRDA/16/3/29/0123/2017-REG-PF-CN:1818
Issue Date: 13-12-2025",12/13/2025,,NOTICE,05/05/2026
a2024cde8a8eafab,"NOTICE INVITING APPLICATIONS / PROPOSALS FOR SELECTION OF SPONSORs OF PENSION FUNDs
Notice
Issue Date: 12-12-2025",12/12/2025,,NOTICE,05/05/2026
47929a2cdbb7224e,"Cancellation of Certificate of Registration of M/s A&A Dukaan Financial Services Private Limited as Point of Presence due to voluntary surrender request
Notice
Issue Date: 25-11-2025",11/25/2025,,NOTICE,05/05/2026
eceee924acaa6320,"Extension of Deadline for Submission of Feedback and Inputs on the Consultation Paper on Enhancing the National Pension System
Notice
Issue Date: 31-10-2025",10/31/2025,,NOTICE,05/05/2026
24217a687c444811,"Cancellation of Certificate of Registration – Max Life Pension Fund Management Ltd.
Notice
Issue Date: 06-10-2025",10/06/2025,,NOTICE,05/05/2026
105974948155f480,"Notice – Name change of Agency handling RPs
Notice
Issue Date: 31-07-2025",07/31/2025,,NOTICE,05/05/2026
b96c3195a40028b7,"Notice – Name change of Training Agency
Notice
Issue Date: 31-07-2025",07/31/2025,,NOTICE,05/05/2026
50062dc872c62a9b,Applicability of SEBI Regulations relating...,,https://www.pfrda.org.in/documents/33652/154008/Circular+on+Applicability+of+SEBI+Regulations+relating+to+Insider+Trading%2C+Self-Dealing+and+Front+Running+to+NPS+investments.pdf,CIRCULAR,05/06/2026
90341a11e52386e3,"Applicability of SEBI Regulations relating to Insider Trading, Self-Dealing and Front Running to NPS investments – Supersession of PFRDA Circular dated 25 July 2019
Pension Fund
Ref: PFRDA/2026/24/REG-PF/05
Issue Date: 05-05-2026",05/05/2026,https://www.pfrda.org.in/documents/33652/154008/Circular+on+Applicability+of+SEBI+Regulations+relating+to+Insider+Trading%2C+Self-Dealing+and+Front+Running+to+NPS+investments.pdf,CIRCULAR,05/06/2026
6eccf8810f65cc41,Introduction of ‘NPS Sanchay’ (simplified...,,https://www.pfrda.org.in/documents/33652/726954/Final+NPS+Sanchay+Circular+PDF+Signed.pdf,CIRCULAR,05/06/2026
26fff6544fb9d985,"Introduction of ‘NPS Sanchay’ (simplified NPS Variant) under All Citizen Model and MSF Framework for Informal Sector
Promotion and Development - NPS
Ref: PFRDA/2026/25/NPS-AGRI/01
Issue Date: 06-05-2026",05/06/2026,https://www.pfrda.org.in/documents/33652/726954/Final+NPS+Sanchay+Circular+PDF+Signed.pdf,CIRCULAR,05/06/2026
9197e6c5ce9f0e13,RFP Document: REQUEST FOR PROPOSAL...,,,CIRCULAR,05/07/2026
827627c11c308612,Result – Request for Proposal...,,,CIRCULAR,05/11/2026
10f42d50b9a49e52,Extension of incentive framework to...,,https://www.pfrda.org.in/documents/33652/726954/Extension+of+incentive+framework+to+grass-root+Pension+Agents+for+enrollments+facilitated+under+NPS+Sanchay.pdf,CIRCULAR,05/13/2026
fdfdd98ccd967378,Clarification on engagement of Pension...,,https://www.pfrda.org.in/documents/33652/154928/Circular+-+Clarification+on+engagement+of+Pension+Agents+under+the+PFRDA+%28Point+of+Presence%29+Regulations+2018+and+amendments+thereof.pdf,CIRCULAR,05/13/2026
f81c377f7dc45d02,"Extension of incentive framework to grass-root Pension Agents for enrollments facilitated under NPS Sanchay
Promotion and Development - NPS
Ref: PFRDA/2026/27/NPS-AGRI/02
Issue Date: 12-05-2026",05/12/2026,https://www.pfrda.org.in/documents/33652/726954/Extension+of+incentive+framework+to+grass-root+Pension+Agents+for+enrollments+facilitated+under+NPS+Sanchay.pdf,CIRCULAR,05/13/2026
02af11d23fe7f1b0,"Clarification on engagement of Pension Agents under the PFRDA (Point of Presence) Regulations 2018 and amendments thereof
Central Recordkeeping Agency Point of Presence
Ref: PFRDA/2026/26/REG-POP/05
Issue Date: 12-05-2026",05/12/2026,https://www.pfrda.org.in/documents/33652/154928/Circular+-+Clarification+on+engagement+of+Pension+Agents+under+the+PFRDA+%28Point+of+Presence%29+Regulations+2018+and+amendments+thereof.pdf,CIRCULAR,05/13/2026
831edc9ce1212354,Inclusion of Rupee Bonds issued...,,https://www.pfrda.org.in/documents/33652/154008/Inclusion+of+Rupee+Bonds+issued+by+New+Development+Bank+in+the+eligible+investment+universe+under+NPS.pdf,CIRCULAR,05/14/2026
71af37778f6f95f8,"Inclusion of Rupee Bonds issued by New Development Bank in the eligible investment universe under NPS
Pension Fund
Ref: PFRDA/2026/29/REG-PF/06
Issue Date: 13-05-2026",05/13/2026,https://www.pfrda.org.in/documents/33652/154008/Inclusion+of+Rupee+Bonds+issued+by+New+Development+Bank+in+the+eligible+investment+universe+under+NPS.pdf,CIRCULAR,05/14/2026
531893f9add180e6,Clarification on permissibility and procedure...,,https://www.pfrda.org.in/documents/33652/151620/Clarification+on+permissibility+and+procedure+for+surrender+of+annuity+policies+in+certain+cases.pdf,CIRCULAR,05/14/2026
722edb89a56a55e7,"Clarification on permissibility and procedure for surrender of annuity policies in certain cases
Annuity Service Provider
Ref: PFRDA/2026/30/SUP-ASP/01
Issue Date: 14-05-2026",05/14/2026,https://www.pfrda.org.in/documents/33652/151620/Clarification+on+permissibility+and+procedure+for+surrender+of+annuity+policies+in+certain+cases.pdf,CIRCULAR,05/14/2026
acae2a1ef88b54a6,Introduction of Retirement Income Schemes...,,https://www.pfrda.org.in/documents/33652/738956/Introduction+of+Retirement+Income+Schemes+%28RIS%29+and+Drawdown+options+under+the+National+Pension+System+%28NPS%29.pdf,CIRCULAR,05/16/2026
559d00833edf2466,"Introduction of Retirement Income Schemes (RIS) and Drawdown options under the National Pension System (NPS)
Annuity Service Provider Central Recordkeeping Agency Custodian NPS Trust Pension Fund Point of Presence
Ref: PFRDA/2026/31/MWnR/01
Issue Date: 15-05-2026",05/15/2026,https://www.pfrda.org.in/documents/33652/738956/Introduction+of+Retirement+Income+Schemes+%28RIS%29+and+Drawdown+options+under+the+National+Pension+System+%28NPS%29.pdf,CIRCULAR,05/16/2026
5f71d324a8158d8f,Advertisement for appointment of Ombudsman...,,https://www.pfrda.org.in/documents/33652/212847/Updatd+PFRDA+Ombudsman+Vacancy+Notification+Billingual+21.5.2026.pdf,CIRCULAR,05/20/2026
117fe3c0a6b41676,CORRIGENDUM - Request for Proposal...,,,CIRCULAR,05/21/2026
f3ff848894e6aca8,Pre- Bid Query Reply -...,,,CIRCULAR,05/21/2026
30520be93068248d,Exposure Draft Amendments to PFRDA...,,https://www.pfrda.org.in/documents/33652/178014/Exposure+Draft+Amendments+to+PFRDA+Redressal+of+Subscriber+Grievance+Regulation+2015.pdf,CIRCULAR,05/21/2026
1e2842f868929b1d,Press release on APY Annual...,,https://www.pfrda.org.in/documents/33652/86710/PFRDA+conducts+Atal+Pension+Yojana+Annual+Felicitation+Programme+on+20+May+2026+%28Wednesday%29+at+New+Delhi.pdf,CIRCULAR,05/23/2026
7636dbbba7d7f364,Change in the date of...,,https://www.pfrda.org.in/documents/33652/301830/Office+Order+dt+26.05.2026-Change+in+the+date+of+holiday+on+account+of+Id-u-Zuha+%28Bakrid%29.pdf,CIRCULAR,05/27/2026
009a5a0e072d7a22,Bid document for Manpower Services...,,,CIRCULAR,05/28/2026
8b66069441636743,"IN THE MATTER OF KARVY COMPUTERSHARE PRIVATE LIMITED (NOW K-FIN TECHNOLOGIES PVT. LTD.) (Case No. 2 of 2021)
Issue Date: 02-05-2022",05/02/2022,https://www.pfrda.org.in/documents/33652/145099/2.pdf,ENFORCEMENT_ORDER,05/29/2026
b3deb2d60fd3d2d6,Framework for Regulatory Sandbox for...,,https://www.pfrda.org.in/documents/33652/151840/Framework+for+Regulatory+Sandbox+for+Facilitating+Responsible+Innovation+in+the.pdf,CIRCULAR,06/03/2026
bef3c5b21796c474,"Framework for Regulatory Sandbox for Facilitating Responsible Innovation in the Pension Sector
Central Recordkeeping Agency
Ref: PFRDA/2026/31/REG-CRA/02
Issue Date: 02-06-2026",06/02/2026,https://www.pfrda.org.in/documents/33652/151840/Framework+for+Regulatory+Sandbox+for+Facilitating+Responsible+Innovation+in+the.pdf,CIRCULAR,06/03/2026
3be7325409772c94,Introduction of StAR NPS platform...,,https://www.pfrda.org.in/documents/33652/154928/Introduction+of+StAR+NPS+platform+developed+by+BSE+Technologies+Pvt+Ltd+%28BTPL%29+for+onboarding+of+subscribers+under+NPS+reg.pdf,CIRCULAR,06/04/2026
d8f1f619d1398068,"Introduction of StAR NPS platform developed by BSE Technologies Pvt Ltd (BTPL) for onboarding of subscribers under NPS reg
Central Recordkeeping Agency Point of Presence
Ref: PFRDA/2026/32/REG-POP/06
Issue Date: 03-06-2026",06/03/2026,https://www.pfrda.org.in/documents/33652/154928/Introduction+of+StAR+NPS+platform+developed+by+BSE+Technologies+Pvt+Ltd+%28BTPL%29+for+onboarding+of+subscribers+under+NPS+reg.pdf,CIRCULAR,06/04/2026
