id,section,category,title,date,meta,pdf_link,pdf_filename,source_page,scraped_at
7fc7759a68e714b1c32224058ad72f8f2294814a,Press Releases,Press Release,Pioneering Skill Development Courses launched by IN-SPACe,"Dec 15, 2023",,https://www.inspace.gov.in/sys_attachment.do?sys_id=ec8356c487d335103b0f0d060cbb35ce,ec8356c487d335103b0f0d060cbb35ce.pdf,https://www.inspace.gov.in/inspace?id=inspace_press_releases_page,2026-02-10T07:03:57.106132
dd23ece14cd8ac36e6e3cb2da3e1e488761304dd,Press Releases,Press Release,IN-SPACe grants authorization to OneWeb India,"Nov 23, 2023",,https://www.inspace.gov.in/sys_attachment.do?sys_id=cd65fe27876a7510d66165350cbb35d2,cd65fe27876a7510d66165350cbb35d2.pdf,https://www.inspace.gov.in/inspace?id=inspace_press_releases_page,2026-02-10T07:03:57.116473
a2938a1b7fbcb56484e0c485604301448cf8b854,Press Releases,Press Release,"Release of Expression of Interest (EoI) for SSLV Technology Transfer to Indian Industries, Bengaluru","July 11, 2023",,https://www.inspace.gov.in/sys_attachment.do?sys_id=88fb16da87cd3550de76a8660cbb352f,88fb16da87cd3550de76a8660cbb352f.pdf,https://www.inspace.gov.in/inspace?id=inspace_press_releases_page,2026-02-10T07:03:57.126205
56b9862de33150c9fd5628e59f09831de1afc2b1,Press Releases,Press Release,IN-SPACe promotes India's emergence as the world's space hub with global partners,"October 05, 2023",,https://www.inspace.gov.in/sys_attachment.do?sys_id=4e4938408779f550de76a8660cbb350a,4e4938408779f550de76a8660cbb350a.pdf,https://www.inspace.gov.in/inspace?id=inspace_press_releases_page,2026-02-10T07:03:57.135350
f9facf0749f22aae3854e69b1eb6f5e1805c8c38,Press Releases,Press Release,IN-SPACe unveils Decadal Vision and Strategy for Indian Space Economy,"October 10, 2023",,https://www.inspace.gov.in/sys_attachment.do?sys_id=c4547416877d711082e163d70cbb35d3,c4547416877d711082e163d70cbb35d3.pdf,https://www.inspace.gov.in/inspace?id=inspace_press_releases_page,2026-02-10T07:03:57.145212
9b66f2d9c88d2fa28ed284b08c9576a936d1411e,Publications,Compendium,Singapore Space Summit,,PDF - 8.6 MB,https://www.inspace.gov.in/sys_attachment.do?sys_id=afcfa16897beb650a581f8b0f053af7b,afcfa16897beb650a581f8b0f053af7b.pdf,https://www.inspace.gov.in/inspace?id=inspace_publications,2026-02-10T07:04:01.397691
0d95cc34ad1e215884257131a6cc40c0a0a128fd,Publications,Compendium,"Indian Space Industry Delegation to IAC 2025 Sydney, Australia",,PDF - 19.6 MB,https://www.inspace.gov.in/sys_attachment.do?sys_id=9969611097dc3610a581f8b0f053af74,9969611097dc3610a581f8b0f053af74.pdf,https://www.inspace.gov.in/inspace?id=inspace_publications,2026-02-10T07:04:01.408062
cc9a4de6fcc13bf5d251f34875eb252e2610995a,Publications,Circulars and Policy Documents,The Sectoral Guidelines for FDI in Space Sector,,PDF - 10.9 MB,https://www.inspace.gov.in/sys_attachment.do?sys_id=d6e10a219725b210a581f8b0f053afdc,d6e10a219725b210a581f8b0f053afdc.pdf,https://www.inspace.gov.in/inspace?id=inspace_publications,2026-02-10T07:04:01.938410
86b92a4cfe16f57f84d6824932520ac028864cc8,Publications,Circulars and Policy Documents,Notification on the validity of the capacity provisioning contracts,,URL,?id=capacity_provisioning_contracts,,https://www.inspace.gov.in/inspace?id=inspace_publications,2026-02-10T07:04:01.947940
cfff312773317e2251e1a5cc0ad091fdaafedb98,Publications,Circulars and Policy Documents,Extension of cut-off date for provisioning of non-Indian satellites,,PDF - 277 KB,https://www.inspace.gov.in/sys_attachment.do?sys_id=035449e797f71250a581f8b0f053aff7,035449e797f71250a581f8b0f053aff7.pdf,https://www.inspace.gov.in/inspace?id=inspace_publications,2026-02-10T07:04:01.959176
1cd9be46abec361ca3de014be0fb513d92b64b28,Publications,Circulars and Policy Documents,Indian Space Policy 2023,,PDF - 337 KB,https://www.inspace.gov.in/sys_attachment.do?sys_id=0cab9667871286d03b0f0d060cbb358c,0cab9667871286d03b0f0d060cbb358c.pdf,https://www.inspace.gov.in/inspace?id=inspace_publications,2026-02-10T07:04:01.970264
628132880b5cb6694b4d4268da43681643fd42c1,Publications,Brochure & Newsletter,Glimpses of Indian Space Industries,,PDF - 3.2 MB,https://www.inspace.gov.in/sys_attachment.do?sys_id=48f6bc5087f8de50d66165350cbb353e,48f6bc5087f8de50d66165350cbb353e.pdf,https://www.inspace.gov.in/inspace?id=inspace_publications,2026-02-10T07:04:02.498117
b3506c0e9ce44a23e04793b321ab74633f7b8022,Publications,Brochure & Newsletter,"IN-SPACe Chronicle, Newsletter",,PDF 6 MB,https://www.inspace.gov.in/sys_attachment.do?sys_id=c1d2744d87dabd50de76a8660cbb3539,c1d2744d87dabd50de76a8660cbb3539.pdf,https://www.inspace.gov.in/inspace?id=inspace_publications,2026-02-10T07:04:02.508548
332b602fd907f07f337beba27bb49b7ebce98a24,Publications,Brochure & Newsletter,Cansat India Brochure,,PDF - 1.73 MB,https://www.inspace.gov.in/sys_attachment.do?sys_id=f00bf835876d0a503b0f0d060cbb35b0,f00bf835876d0a503b0f0d060cbb35b0.pdf,https://www.inspace.gov.in/inspace?id=inspace_publications,2026-02-10T07:04:02.518297
0a5ff8e1a02f43814b436eb3de29ca4e7e9a26a4,Publications,Brochure & Newsletter,Model Curriculum for Minor Degree in Space Technology,,PDF - 9.9 MB,https://www.inspace.gov.in/sys_attachment.do?sys_id=0d530553878096103b0f0d060cbb35c5,0d530553878096103b0f0d060cbb35c5.pdf,https://www.inspace.gov.in/inspace?id=inspace_publications,2026-02-10T07:04:02.530042
50da5146384d5789f45dd6618160552df22de9b2,Publications,Brochure & Newsletter,IN-SPACe Technical Centre Brochure,,PDF - 5.37 MB,https://www.inspace.gov.in/sys_attachment.do?sys_id=5e9b5e7687384a5082e163d70cbb352b,5e9b5e7687384a5082e163d70cbb352b.pdf,https://www.inspace.gov.in/inspace?id=inspace_publications,2026-02-10T07:04:02.539853
43a5bb850372462b880e61876e6e1ebb07519fd5,Publications,Brochure & Newsletter,"IN-SPACe Brochure, Oct 2024",,PDF - 21 MB,https://www.inspace.gov.in/sys_attachment.do?sys_id=bcda8f53874d1e10de76a8660cbb3506,bcda8f53874d1e10de76a8660cbb3506.pdf,https://www.inspace.gov.in/inspace?id=inspace_publications,2026-02-10T07:04:02.549333
f74c3b0cf481a4377feb21a6ad96ded43a867594,Publications,Brochure & Newsletter,Coffee Table Book,,URL,?id=inspace_pdf_carousel,,https://www.inspace.gov.in/inspace?id=inspace_publications,2026-02-10T07:04:02.558828
c1741dbf776b470dd5a20880ab5821bf88fdc506,Publications,Reports & White Papers,Notification on the validity of the capacity provisioning contracts,,PDF - 344 KB,https://www.inspace.gov.in/sys_attachment.do?sys_id=7e309a783b3e6a1063ff0a34c3e45aeb,7e309a783b3e6a1063ff0a34c3e45aeb.pdf,https://www.inspace.gov.in/inspace?id=inspace_publications,2026-02-10T07:04:03.089637
0ad8dd8103ae11d63638f5b9d49271154176f445,Publications,Reports & White Papers,Projection of SATCOM capacity over India for next 5 years,,PDF 4.6 MB,https://www.inspace.gov.in/sys_attachment.do?sys_id=b50180a997e06a10a581f8b0f053aff6,b50180a997e06a10a581f8b0f053aff6.pdf,https://www.inspace.gov.in/inspace?id=inspace_publications,2026-02-10T07:04:03.103162
28bc7642bed355c8537f95c75d5561ca8c270698,Publications,Reports & White Papers,Ground Station As A Service (GSaaS) in India,,PDF - 3.3 MB,https://www.inspace.gov.in/sys_attachment.do?sys_id=108716c487c59e10d66165350cbb35b5,108716c487c59e10d66165350cbb35b5.pdf,https://www.inspace.gov.in/inspace?id=inspace_publications,2026-02-10T07:04:03.114249
55d4b887c90b14573929f7bb0efa427905ab1a90,Publications,Reports & White Papers,"Norms, Guidelines and Procedures in respect of Authorization",,URL,?id=inspace_ngp_update_page,,https://www.inspace.gov.in/inspace?id=inspace_publications,2026-02-10T07:04:03.124867
04b000bc113120b47eb7eaa05fa50ec4e49d739a,Publications,Reports & White Papers,EO Consultation Paper,,PDF - 1 MB,https://www.inspace.gov.in/sys_attachment.do?sys_id=71195e8b87dc3d10de76a8660cbb35dd,71195e8b87dc3d10de76a8660cbb35dd.pdf,https://www.inspace.gov.in/inspace?id=inspace_publications,2026-02-10T07:04:03.135157
8dc84cddfa7b50a35e9aefee0b26f5d846a70a3c,Publications,Reports & White Papers,IN-SPACe Industry Connect 7 Report,,,https://www.inspace.gov.in/inspace/sys_attachment.do?sys_id=fc4246be97bee210a581f8b0f053af8c,fc4246be97bee210a581f8b0f053af8c.pdf,https://www.inspace.gov.in/inspace?id=inspace_publications,2026-02-10T07:04:03.150159
4f6c0479118a8de96917bf53f923a11494d50dd6,Publications,Launch Manifesto,Integrated Launch Manifesto for 2023-24 (Q4) & 2024-25,,PDF - 514 KB,https://www.inspace.gov.in/sys_attachment.do?sys_id=19a5f4ec8798461082e163d70cbb3571,19a5f4ec8798461082e163d70cbb3571.pdf,https://www.inspace.gov.in/inspace?id=inspace_publications,2026-02-10T07:04:03.682964
f453708acd662335b97bd940a22c687029ae4c90,Publications,Our Chairman Messages,New Year 2026,,PDF - 481 KB,https://www.inspace.gov.in/sys_attachment.do?sys_id=b9b9da6b4706fa10d4bc5b31516d43fc,b9b9da6b4706fa10d4bc5b31516d43fc.pdf,https://www.inspace.gov.in/inspace?id=inspace_publications,2026-02-10T07:04:04.211390
e9ecc2788516bcddc5acd576b87511efcf6b5f0d,Publications,Our Chairman Messages,New Year 2025,,PDF - 452 KB,https://www.inspace.gov.in/sys_attachment.do?sys_id=96930342873a1250de76a8660cbb3558,96930342873a1250de76a8660cbb3558.pdf,https://www.inspace.gov.in/inspace?id=inspace_publications,2026-02-10T07:04:04.220471
1956992625c65d3eca4086ced208c04ef8c8e18f,Publications,Parliament Questions,"Monsoon Season of Parliament, 2022",,"PDF - 3 MB, Published in January 2023",https://www.inspace.gov.in/sys_attachment.do?sys_id=a4d18461879d1510cc8310aabbbb3575,a4d18461879d1510cc8310aabbbb3575.pdf,https://www.inspace.gov.in/inspace?id=inspace_publications,2026-02-10T07:04:04.747468
5bad6af4b975aa3ee2d0ba1722adbe30f06b8bb1,Publications,Presentations,IN-SPACe Industry Connect 7 Day 1 – Leadership Dialogue Presentation,,,https://www.inspace.gov.in/inspace/sys_attachment.do?sys_id=0380966b3bcaea5063ff0a34c3e45aab,0380966b3bcaea5063ff0a34c3e45aab.pdf,https://www.inspace.gov.in/inspace?id=inspace_publications,2026-02-10T07:04:05.274330
9b932df0d3e3422e777e74d63c26b26bd2a8fb7a,Publications,Presentations,IN-SPACe Industry Connect 7 Day 2 - IN-SPACe Report Presentation,,,https://www.inspace.gov.in/inspace/sys_attachment.do?sys_id=a3215e6b3bcaea5063ff0a34c3e45ab4,a3215e6b3bcaea5063ff0a34c3e45ab4.pdf,https://www.inspace.gov.in/inspace?id=inspace_publications,2026-02-10T07:04:05.283623
8caf1b623ee1c43a74e97e31013d3de115d95ecd,Publications,Presentations,IN-SPACe Industry Connect 7 Day 2 - States for Space Session Presentation,,,https://www.inspace.gov.in/inspace/sys_attachment.do?sys_id=35c1da2b3bcaea5063ff0a34c3e45a0f,35c1da2b3bcaea5063ff0a34c3e45a0f.pdf,https://www.inspace.gov.in/inspace?id=inspace_publications,2026-02-10T07:04:05.293983
05c29881dfa9e2f47959cbcc4b46c77b7a3272cf,Publications,Presentations,"IN-SPACe Industry Connect 7 Day 2 – Special Address, Kaleidoscope and Brainstorming outcome Presentation",,,https://www.inspace.gov.in/inspace/sys_attachment.do?sys_id=1e711aab3bcaea5063ff0a34c3e45aee,1e711aab3bcaea5063ff0a34c3e45aee.pdf,https://www.inspace.gov.in/inspace?id=inspace_publications,2026-02-10T07:04:05.303266
ebddc83ea79f7c5c5277469ec7ff5a3ab18b5adb,Publications,Curriculum,Model Curriculum for Minor Degree,,PDF - 17.6 MB,https://www.inspace.gov.in/sys_attachment.do?sys_id=81688e3d97e87650a581f8b0f053af82,81688e3d97e87650a581f8b0f053af82.pdf,https://www.inspace.gov.in/inspace?id=inspace_publications,2026-02-10T07:04:05.828045
1abd6fa39bf4f4ecf27f69fad441613e484e5bd9,Publications,"Guidelines, Reports & White Papers",Advisory Guidelines on Sub-Orbital Launches including Model Rocketry,,,https://www.inspace.gov.in/inspace/sys_attachment.do?sys_id=a7f400622b884f50e95ef17b6e91bfb1,a7f400622b884f50e95ef17b6e91bfb1.pdf,https://www.inspace.gov.in/inspace?id=inspace_publications,2026-04-07T09:42:33.422611
58d723a4ade1dbdcb9f71410ec567495179468b5,Publications,"Guidelines, Reports & White Papers",Notification on the validity of the capacity provisioning contracts,,PDF - 344 KB,https://www.inspace.gov.in/sys_attachment.do?sys_id=7e309a783b3e6a1063ff0a34c3e45aeb,7e309a783b3e6a1063ff0a34c3e45aeb.pdf,https://www.inspace.gov.in/inspace?id=inspace_publications,2026-04-07T09:42:33.432551
16e4c2d1f99e93e24e0c6ca77fa4e0e079958d0d,Publications,"Guidelines, Reports & White Papers",Projection of SATCOM capacity over India for next 5 years,,PDF 4.6 MB,https://www.inspace.gov.in/sys_attachment.do?sys_id=b50180a997e06a10a581f8b0f053aff6,b50180a997e06a10a581f8b0f053aff6.pdf,https://www.inspace.gov.in/inspace?id=inspace_publications,2026-04-07T09:42:33.442681
f12afa824546ba67594ee6418ec2a6f9576a4a4d,Publications,"Guidelines, Reports & White Papers",Ground Station As A Service (GSaaS) in India,,PDF - 3.3 MB,https://www.inspace.gov.in/sys_attachment.do?sys_id=108716c487c59e10d66165350cbb35b5,108716c487c59e10d66165350cbb35b5.pdf,https://www.inspace.gov.in/inspace?id=inspace_publications,2026-04-07T09:42:33.452825
6e69794e27323d2ca2c0165d6144708540375bdc,Publications,"Guidelines, Reports & White Papers","Norms, Guidelines and Procedures in respect of Authorization",,URL,?id=inspace_ngp_update_page,,https://www.inspace.gov.in/inspace?id=inspace_publications,2026-04-07T09:42:33.462457
ffc74113e7554f39ad7811a84807aae29fcf7f80,Publications,"Guidelines, Reports & White Papers",EO Consultation Paper,,PDF - 1 MB,https://www.inspace.gov.in/sys_attachment.do?sys_id=71195e8b87dc3d10de76a8660cbb35dd,71195e8b87dc3d10de76a8660cbb35dd.pdf,https://www.inspace.gov.in/inspace?id=inspace_publications,2026-04-07T09:42:33.473781
8f5555593eda8159ed4bceb553ea759cc2051809,Publications,"Guidelines, Reports & White Papers",IN-SPACe Industry Connect 7 Report,,,https://www.inspace.gov.in/inspace/sys_attachment.do?sys_id=fc4246be97bee210a581f8b0f053af8c,fc4246be97bee210a581f8b0f053af8c.pdf,https://www.inspace.gov.in/inspace?id=inspace_publications,2026-04-07T09:42:33.484472
4b010bf5764035b2c556354da7c9b67455fc9968,Publications,Presentations made during Webinar on Standards,L1 Overview of BIS Process of Standards development,,,https://www.inspace.gov.in/inspace/sys_attachment.do?sys_id=0c7dcefe2b000390e95ef17b6e91bfab,0c7dcefe2b000390e95ef17b6e91bfab.pdf,https://www.inspace.gov.in/inspace?id=inspace_publications,2026-04-09T05:26:29.733823
a89d7e304c745efbb2be3d1eafa03007556e0911,Publications,Presentations made during Webinar on Standards,L2 Systems Enginnering Standards,,,https://www.inspace.gov.in/inspace/sys_attachment.do?sys_id=047dcefe2b000390e95ef17b6e91bfaf,047dcefe2b000390e95ef17b6e91bfaf.pdf,https://www.inspace.gov.in/inspace?id=inspace_publications,2026-04-09T05:26:29.743326
fabc367694d0c40d6212f56dca98f291387044c5,Publications,Presentations made during Webinar on Standards,L3 Quality Assurance Standards,,,https://www.inspace.gov.in/inspace/sys_attachment.do?sys_id=847dcefe2b000390e95ef17b6e91bfb2,847dcefe2b000390e95ef17b6e91bfb2.pdf,https://www.inspace.gov.in/inspace?id=inspace_publications,2026-04-09T05:26:29.753393
bc414bf3b875c6b9b04cd9964381797914ec073c,Publications,Presentations made during Webinar on Standards,L4 Testing Operations Standards,,,https://www.inspace.gov.in/inspace/sys_attachment.do?sys_id=447d02322b400390e95ef17b6e91bfd4,447d02322b400390e95ef17b6e91bfd4.pdf,https://www.inspace.gov.in/inspace?id=inspace_publications,2026-04-09T05:26:29.764013
5a9b1e3f3d1c305236f93922448860204121c657,Publications,Presentations made during Webinar on Standards,L5 Experience Gained_Launch Vehicle,,,https://www.inspace.gov.in/inspace/sys_attachment.do?sys_id=047d02322b400390e95ef17b6e91bfd7,047d02322b400390e95ef17b6e91bfd7.pdf,https://www.inspace.gov.in/inspace?id=inspace_publications,2026-04-09T05:26:29.774246
9d967eee485266e5f2005d48f9bf3718c5b175c8,Publications,Presentations made during Webinar on Standards,L5 Experience Gained_Satellite,,,https://www.inspace.gov.in/inspace/sys_attachment.do?sys_id=187d02322b400390e95ef17b6e91bfdd,187d02322b400390e95ef17b6e91bfdd.pdf,https://www.inspace.gov.in/inspace?id=inspace_publications,2026-04-09T05:26:29.785238
e60131220a6620041da9ececff6f38d50170fb50,Publications,Presentations made during Webinar on Standards,L5 Experience Gained_Payload,,,https://www.inspace.gov.in/inspace/sys_attachment.do?sys_id=947d02322b400390e95ef17b6e91bfda,947d02322b400390e95ef17b6e91bfda.pdf,https://www.inspace.gov.in/inspace?id=inspace_publications,2026-04-09T05:26:29.796332
06c0f81f35d42c04f906f0d6ab7207e5f1bae1a7,Publications,Presentations made during Webinar on Standards,L6 Annual Standards Plan,,,https://www.inspace.gov.in/inspace/sys_attachment.do?sys_id=547d02322b400390e95ef17b6e91bff9,547d02322b400390e95ef17b6e91bff9.pdf,https://www.inspace.gov.in/inspace?id=inspace_publications,2026-04-09T05:26:29.805633
afdba5ee39ea4d64f8af37a70b541143a43d9741,Publications,IIC Presentations,IN-SPACe Industry Connect 7 Day 1 – Leadership Dialogue Presentation,,,https://www.inspace.gov.in/inspace/sys_attachment.do?sys_id=0380966b3bcaea5063ff0a34c3e45aab,0380966b3bcaea5063ff0a34c3e45aab.pdf,https://www.inspace.gov.in/inspace?id=inspace_publications,2026-04-09T05:26:34.212120
c412601396e88f9f8f374151b30748d6e080e37a,Publications,IIC Presentations,IN-SPACe Industry Connect 7 Day 2 - IN-SPACe Report Presentation,,,https://www.inspace.gov.in/inspace/sys_attachment.do?sys_id=a3215e6b3bcaea5063ff0a34c3e45ab4,a3215e6b3bcaea5063ff0a34c3e45ab4.pdf,https://www.inspace.gov.in/inspace?id=inspace_publications,2026-04-09T05:26:34.221029
491e7e5164ac86ed98f594b8457a07b5d80fe03d,Publications,IIC Presentations,IN-SPACe Industry Connect 7 Day 2 - States for Space Session Presentation,,,https://www.inspace.gov.in/inspace/sys_attachment.do?sys_id=35c1da2b3bcaea5063ff0a34c3e45a0f,35c1da2b3bcaea5063ff0a34c3e45a0f.pdf,https://www.inspace.gov.in/inspace?id=inspace_publications,2026-04-09T05:26:34.229744
ac008f6631f369811118b10e3311b81b9874dceb,Publications,IIC Presentations,"IN-SPACe Industry Connect 7 Day 2 – Special Address, Kaleidoscope and Brainstorming outcome Presentation",,,https://www.inspace.gov.in/inspace/sys_attachment.do?sys_id=1e711aab3bcaea5063ff0a34c3e45aee,1e711aab3bcaea5063ff0a34c3e45aee.pdf,https://www.inspace.gov.in/inspace?id=inspace_publications,2026-04-09T05:26:34.238879
d024ad0b23566a83a64b7d5474c9b5534cb2629d,Publications,Presentations made during Webinar on Standards,L2 Systems Engineering Standards,,,https://www.inspace.gov.in/inspace/sys_attachment.do?sys_id=047dcefe2b000390e95ef17b6e91bfaf,047dcefe2b000390e95ef17b6e91bfaf.pdf,https://www.inspace.gov.in/inspace?id=inspace_publications,2026-04-10T05:36:51.473416
0db688f4e7c1d9808970b96d745259ca62b6621e,Publications,Presentations made during Webinar on Standards,L5 Experience Gained Launch Vehicle,,,https://www.inspace.gov.in/inspace/sys_attachment.do?sys_id=047d02322b400390e95ef17b6e91bfd7,047d02322b400390e95ef17b6e91bfd7.pdf,https://www.inspace.gov.in/inspace?id=inspace_publications,2026-04-10T05:36:51.509327
7c1f53fb8b2391edef56381e87ba49d81ecc609a,Publications,Presentations made during Webinar on Standards,L5 Experience Gained Satellite,,,https://www.inspace.gov.in/inspace/sys_attachment.do?sys_id=187d02322b400390e95ef17b6e91bfdd,187d02322b400390e95ef17b6e91bfdd.pdf,https://www.inspace.gov.in/inspace?id=inspace_publications,2026-04-10T05:36:51.521617
52cd30e0b5fba00d38de8484c85e599810a02bd7,Publications,Presentations made during Webinar on Standards,L5 Experience Gained Payload,,,https://www.inspace.gov.in/inspace/sys_attachment.do?sys_id=947d02322b400390e95ef17b6e91bfda,947d02322b400390e95ef17b6e91bfda.pdf,https://www.inspace.gov.in/inspace?id=inspace_publications,2026-04-10T05:36:51.532987
746a04b60601026d17dce1ecb1300e783e2e7b56,Publications,Compendium,"Indian Space Industry Delegation to Veneto Space Meetings, 2026",,PDF - 991KB,https://www.inspace.gov.in/sys_attachment.do?sys_id=01758de92bfc0f90e95ef17b6e91bfab,01758de92bfc0f90e95ef17b6e91bfab.pdf,https://www.inspace.gov.in/inspace?id=inspace_publications,2026-05-12T06:25:15.405315
33e83b8e79e3194f6a7493308f85b6ae81746c77,Publications,EoI Documents,"EoI for establishment and operation of ground stations by Indian private operators at NRSC/ISRO, Shadnagar",,PDF - 488KB,https://www.inspace.gov.in/sys_attachment.do?sys_id=0ac09d842b0d0fd0e95ef17b6e91bf5f,0ac09d842b0d0fd0e95ef17b6e91bf5f.pdf,https://www.inspace.gov.in/inspace?id=inspace_publications,2026-05-20T07:00:03.928080
9201f1bf99f30b0057aa2514051fc80f8d730da2,Publications,Brochure & Newsletter,"IN-SPACe Brochure, 2026",,PDF - 11 MB,https://www.inspace.gov.in/sys_attachment.do?sys_id=d5ff5e733ba50b1063ff0a34c3e45ac1,d5ff5e733ba50b1063ff0a34c3e45ac1.pdf,https://www.inspace.gov.in/inspace?id=inspace_publications,2026-06-25T06:59:40.786480
7bc69c8c8573e9f571216460c936f703b4f57602,Publications,"Guidelines, Reports & White Papers",Authorisation Guidelines for undertaking Space Situational Awareness (SSA) related Activities,,,https://www.inspace.gov.in/inspace/sys_attachment.do?sys_id=bb786ff33b6d0b1063ff0a34c3e45ab5,bb786ff33b6d0b1063ff0a34c3e45ab5.pdf,https://www.inspace.gov.in/inspace?id=inspace_publications,2026-06-26T07:06:56.312282
210cc3c6e4643ba17ffb4854bdd270db8b62e116,Publications,Brochure & Newsletter,,,PDF - 3.2 MB,https://www.inspace.gov.in/sys_attachment.do?sys_id=48f6bc5087f8de50d66165350cbb353e,48f6bc5087f8de50d66165350cbb353e.pdf,https://www.inspace.gov.in/inspace?id=inspace_publications,2026-07-08T06:11:29.170210
ca5493d23b08cbbdb51bd5c1e2016b69f2e9a8d5,Publications,IIC Presentations,IN-SPACe Industry Connect 10,,Synopsis Report,https://www.inspace.gov.in/inspace/sys_attachment.do?sys_id=91bc19002bc60710e95ef17b6e91bfc8,91bc19002bc60710e95ef17b6e91bfc8.pdf,https://www.inspace.gov.in/inspace?id=inspace_publications,2026-07-08T06:11:29.767121
