id,petition_no,pdf_url,scraped_at
1c0ec2df5a0ee7a0,APPEAL No. 88 of 2017 & IA Nos. 1759 & 1760 of 2025,https://aptel.gov.in/sites/default/files/2026-05/Order%20in%20Appeal%20No.%2088%20of%202017.pdf,2026-05-11T10:01:29.675053
3561e63a3ba9e87a,REVIEW PETITION NO.28 OF 2025 in APPEAL NOs.107 OF 2022 & 312 OF 2022,https://aptel.gov.in/sites/default/files/2026-05/RP%2028%20OF%202025.pdf,2026-05-11T10:01:32.606300
d5a90357c834ff72,APPEAL No. 430 of 2019 & APPEAL No. 416 of 2022,https://aptel.gov.in/sites/default/files/2026-05/430%20of%202019%20%26%20Batch.pdf,2026-05-11T10:01:35.742860
3a10de23cb0eb889,APL No. 284 OF 2021,https://aptel.gov.in/sites/default/files/2026-05/APL%20284%20OF%202021.pdf,2026-05-11T10:01:38.642683
7da72bd883bf8b18,APPEAL No.190 of 2019 APPEAL No.216 of 2019,https://aptel.gov.in/sites/default/files/2026-04/APL%20190%20%26%20216%20of%202019.pdf,2026-05-11T10:01:41.911850
00f0083deec970dc,APPEAL No. 227 of 2025 & IA No. 1092 of 2025,https://aptel.gov.in/sites/default/files/2026-04/Judgment%20in%20Appeal%20No.%20227%20of%202025.pdf,2026-05-11T10:01:45.672142
945378f2655fc012,APPEAL No. 15 OF 2018,https://aptel.gov.in/sites/default/files/2026-04/April%2017-%20%20FINAL%20%20Judgment%20in%20APL%2015%20of%202018%20%281%29%20%281%29.pdf,2026-05-11T10:01:48.153179
d98b58fe130e33a9,OP No. 1 OF 2025 & IA No. 1403 OF 2025 & IA No. 499 OF 2026 & IA No. 568 OF 2026 & IA No. 1404 OF 2025 & IA No. 1532 OF 2025 & IA No. 1610 OF 2025 & IA No. 1747 OF 2025 & IA No. 172 OF 2026 & IA No. 245 OF 2026 & IA No. 309 OF 2026,https://aptel.gov.in/sites/default/files/2026-04/O.P.pdf,2026-05-11T10:01:50.991118
a23bb97ab27e7d4f,APPEAL NO.20 OF 2021,https://aptel.gov.in/sites/default/files/2026-04/APL%2020%20of%202021.pdf,2026-05-11T10:01:53.552284
08bc4a3c2ee85aa7,APPEAL No. 309 of 2018,https://aptel.gov.in/sites/default/files/2026-04/A%20309%20of%202018.pdf,2026-05-11T10:01:56.159522
f300459210650008,APPEAL No. 322 of 2021,https://aptel.gov.in/sites/default/files/2026-04/APL%20322%20of%202021.pdf,2026-05-11T10:01:58.951683
530fac3c7093b2f7,APPEAL No. 48 OF 2021,https://aptel.gov.in/sites/default/files/2026-04/April10%20-%20%20Final%20Judgment%20in%20APL%2048%20of%202021.pdf,2026-05-11T10:02:01.430195
6fe81edb86114896,R.P. No. 5 of 2025 in Appeal No. 126 of 2022,https://aptel.gov.in/sites/default/files/2026-04/RP%205%20of%202025.pdf,2026-05-11T10:02:03.775201
ab260510c5a98114,APPEAL No. 119 of 2019,https://aptel.gov.in/sites/default/files/2026-04/A%20119%20of%202019.pdf,2026-05-11T10:02:06.559964
46a6fac5d50a2be7,APPEAL No. 242 of 2019,https://aptel.gov.in/sites/default/files/2026-04/APL%20242%20of%202019.pdf,2026-05-11T10:02:09.301971
9e994e6eb90d1b39,APPEAL No. 334 OF 2017,https://aptel.gov.in/sites/default/files/2026-04/Final%20Judgment%20APL%20334%20of%202017%20%28FINAL%29.pdf,2026-05-11T10:02:11.747876
669ec6968110cb70,APPEAL NO. 107 of 2019 & IA No. 1754 of 2019 & APPEAL No. 166 of 2020,https://aptel.gov.in/sites/default/files/2026-03/Judgment%20in%20Appeal%20Nos.%20107%20of%202019%20and%20166%20of%202020.pdf,2026-05-11T10:02:15.270578
3f2b0b943377cf2a,"APPEAL NO. 296 OF 2022, APPEAL NO. 297 OF 2022 & APPEAL NO. 298 OF 2022",https://aptel.gov.in/sites/default/files/2026-03/Judgment%20in%20Appeal%20No.%20296%20of%202022%20and%20batch.pdf,2026-05-11T10:02:18.873008
4f0c4958383572b6,APPEAL No. 286 OF 2015 & APPEAL No.328 OF 2016,https://aptel.gov.in/sites/default/files/2026-03/March20-%20Judgment%20%20in%20APL%20286%20of%202015%20%26%20328%20of%202016%20%281%29.pdf,2026-05-11T10:02:22.188004
9bef3f0c9902737b,IA NO.726 OF 2025 & IA NO. 804 OF 2025 IN APPEAL NO. 123 OF 2017 IA NO. 730 OF 2025 & IA NO. 806 OF 2025 IN APPEAL NO. 256 OF 2017 IA NO. 728 OF 2025 & IA NO. 805 OF 2025 IN APPEAL NO. 143 OF 2018 IA NO.729 OF 2025 & IA NO. 799 OF 2025 IN APPEAL NO. 142 OF 2020 IA NO.731 OF 2025 & IA NO. 797 OF 2025 IN APPEAL NO. 255 OF 2017,https://aptel.gov.in/sites/default/files/2026-03/APL%20123%20of%202017%20%26%20Batch%20APL%20142%20of%202020%20and%20255%20of%202017%20-%20Order%20in%20IAs%20-DVC.pdf,2026-05-11T10:02:25.000944
6862b8d2182aca34,APPEAL No. 58 OF 2020,https://aptel.gov.in/sites/default/files/2026-03/March%2010-%20%20Judgment%20Apl%20No.58%20of%202020.pdf,2026-05-11T10:02:27.727098
77e9fa15d2e34c2c,APPEAL No. 128 of 2021,https://aptel.gov.in/sites/default/files/2026-03/App%20-%20128%20of%202021.pdf,2026-05-11T10:02:30.393861
59b665f97dac969c,APPEAL NO. 221 OF 2018 & APPEAL NO. 298 OF 2018,https://aptel.gov.in/sites/default/files/2026-04/judgement%20of%20221%20of%20.pdf,2026-05-11T10:02:34.207937
dd45665a50aa1d76,APPEAL No. 279 OF 2017,https://aptel.gov.in/sites/default/files/2026-03/March%20%2011-%20Judgment%20in%20APL%20279%20of%202017.pdf,2026-05-11T10:02:37.594855
28677641a7151897,APPEAL NO.100 OF 2019,https://aptel.gov.in/sites/default/files/2026-03/APL%20100%20of%202019.pdf,2026-05-11T10:02:42.161894
55bf6ce9976c8623,APPEAL No. 79 OF 2017,https://aptel.gov.in/sites/default/files/2026-03/march%2006-%20final%20Judgment%20%20in%20APL%2079%20of%202017.pdf,2026-05-11T10:02:45.933947
1559718298df38c6,APPEAL NO.327 OF 2021 & IA No.1237 OF 2025,https://aptel.gov.in/sites/default/files/2026-03/APL%20327%20of%202021.pdf,2026-05-11T10:03:02.540617
9d14147861365bb3,APPEAL No. 15 of 2022,https://aptel.gov.in/sites/default/files/2026-03/App%20-%2015%20of%202022.pdf,2026-05-11T10:03:04.900083
e812c7fa6a1d0286,REVIEW PETITION NO. 03 OF 2026,https://aptel.gov.in/sites/default/files/2026-02/Order%20in%20RP%2003%20of%202026-%20feb26.pdf,2026-05-11T10:03:18.558039
fd5d4597967f5d81,APPEAL NO. 348 OF 2025 & IA NO. 1797 OF 2025 APPEAL NO. 371 OF 2025 & IA NO. 1850 OF 2025 and APPEAL NO. 400 OF 2025 & IA NO. 1946 OF 2025,https://aptel.gov.in/sites/default/files/2026-02/JUDGMENT%20IN%20APPEAL%20NO.%20348%20OF%202025%20dtd%2025-02-2026_0.pdf,2026-05-11T10:03:22.984712
068f7457eb46b246,OP No. 1 of 2018,https://aptel.gov.in/sites/default/files/2026-02/O.P.%20No.%201%20of%202018.pdf,2026-05-11T10:03:25.721253
ae717d1f031b25ef,APPEAL No. 104 of 2018,https://aptel.gov.in/sites/default/files/2026-02/App%20-%20104%20of%202018.pdf,2026-05-11T10:03:27.943448
90b686304d74acc7,APPEAL No. 362 of 2025 & IA No. 1464 of 2025,https://aptel.gov.in/sites/default/files/2026-02/Draft%20of%20Judgment%20in%20Appeal%20No.%20362%20of%202025.pdf,2026-05-11T10:03:32.449024
68cc3bca5fe701fb,APPEAL NO. 298 OF 2025 & IA NO. 1300 OF 2025 & IA NO. 1600 OF 2025 & IA NO. 1879 OF 2025 & IA NO. 1979 OF 2025 & IA NO. 1991 OF 2025,https://aptel.gov.in/sites/default/files/2026-02/JUDGEMENT%20IN%20APL%20298%20OF%202025%20dtd%2013-02-2026.pdf,2026-05-11T10:03:36.906984
cc205a688908215e,APPEAL No. 260 OF 2017 & APPEAL No. 264 OF 2017,https://aptel.gov.in/sites/default/files/2026-02/Feb%2002-judgement-%20APL%20260%20of%202017%20%26%20264%20of%202017%20%281%29%20%281%29.pdf,2026-05-11T10:03:40.253882
12527c429d9cdbff,APPEAL No. 30 of 2022,https://aptel.gov.in/sites/default/files/2026-02/App%20-%2030%20of%202022.pdf,2026-05-11T10:03:42.996909
0586d29c75e1256e,APPEAL NO. 54 OF 2020,https://aptel.gov.in/sites/default/files/2026-02/APL%2054%20of%202020.pdf,2026-05-11T10:03:45.925620
509e576cda43f941,APPEAL NO. 04 OF 2020,https://aptel.gov.in/sites/default/files/2026-02/APL%2004%20of%202020.pdf,2026-05-11T10:03:49.816410
bd645b2011fe44f0,APL No. 375 of 2019,https://aptel.gov.in/sites/default/files/2026-01/Final%20judgement%20in%20APL%20375%20of%202019.pdf,2026-05-11T10:03:52.226339
80b8778212f73071,R.P. No. 23 of 2025 in Apl No. 286 of 2017,https://aptel.gov.in/sites/default/files/2026-01/RP%2023%20of%202025%20%26%20Apl%20%20286%20of%202017.pdf,2026-05-11T10:03:55.072695
2f318042c4374e82,R.P. No. 19 of 2025 in Apl No. 286 of 2017,https://aptel.gov.in/sites/default/files/2026-01/RP%2019%20of%202025%20%26%20Apl%20%20286%20of%202017.pdf,2026-05-11T10:03:57.785308
9db9be5c16f5c451,APL No. 399 OF 2019,https://aptel.gov.in/sites/default/files/2026-01/13.1.2026%20Final%20Judgment%20Appeal%20No.399%20of%202019.pdf,2026-05-11T10:04:00.177515
53882baf3a435c1a,APPEAL No. 237 OF 2019 & APPEAL No. 368 OF 2022,https://aptel.gov.in/sites/default/files/2026-01/Jan13-26%20Final%20-Judgement-APL%20237%20of%202019%20%26%20368%202022%20For%20consideration.pdf,2026-05-11T10:04:05.967102
efd881c0db17aeab,APPEAL NO.105 OF 2018 & IA No.32 OF 2018,https://aptel.gov.in/sites/default/files/2026-01/Apl%20105%20of%202018.pdf,2026-05-11T10:04:08.134439
adb1ec0346e72055,APPEAL No. 323 of 2025 & IA No. 1467 of 2025,https://aptel.gov.in/sites/default/files/2026-01/Draft%20of%20Judgment%20in%20Appeal%20No.%20323%20of%202025-%20Final-%2005.01.2026%20%28corrected%20on%2007.1.2026%29.pdf,2026-05-11T10:04:11.178534
d54e4e982c602e35,APPEAL No. 185 of 2018,https://aptel.gov.in/sites/default/files/2026-01/Draft%20of%20Judgment%20in%20Appeal%20No.185%20of%202018-%20Final-%2007.01.2026%20%28after%20correction%20on%2007.01.2026%29.pdf,2026-05-11T10:04:14.178781
25038e9bbd27ba9c,RP No. 25 OF 2025 & IA No. 1680 OF 2025,https://aptel.gov.in/sites/default/files/2026-02/10%20RP%20No%2025%20OF%202025.pdf,2026-05-11T10:04:17.641292
c60afbb0d169e562,RP No. 24 OF 2025 & IA No. 1679 OF 2025 & IA No. 1598 OF 2025,https://aptel.gov.in/sites/default/files/2026-02/9%20RP%20No%2024%20OF%202025.pdf,2026-05-11T10:04:20.886900
140174a0ae4097d3,RP No. 22 OF 2025 & IA No. 1592 OF 2025,https://aptel.gov.in/sites/default/files/2026-02/8%20RP%20No%2022%20OF%202025.pdf,2026-05-11T10:04:24.512335
c464a6a2e74ed4d1,APPEAL NO. 401 OF 2018,https://aptel.gov.in/sites/default/files/2026-01/Final%20Judgment%20in%20Appeal%20No%20401%20of%202018.pdf,2026-05-11T10:04:26.962899
d5a39e39d91f456e,APPEAL No. 431 of 2019,https://aptel.gov.in/sites/default/files/2026-01/Apl%20431%20of%202019.pdf,2026-05-11T10:04:29.483485
4a3e985356c5bf4f,APPEAL No. 356 OF 2017,https://aptel.gov.in/sites/default/files/2026-05/May%2007-%20Final%20%20Judgment%20in%20APL%20356%20of%202017%20%281%29%20%281%29.pdf,2026-05-12T11:32:41.890413
7eeb8b1cda5dc4d8,APPEAL No. 248 OF 2020,https://aptel.gov.in/sites/default/files/2026-05/MAY%2006-%20Final%20Judgment%20in%20Apl%20248%20of%202020.pdf,2026-05-12T11:32:44.920664
ea456a31cb0903e0,IA No. 1260 OF 2024 in Appeal No. 481 OF 2024,https://aptel.gov.in/sites/default/files/2026-05/IA%20No.%201260%20of%202024%20in%20Appeal%20No.%20481%20of%202024.pdf,2026-05-22T05:34:27.083792
ea4ae5eca7b36015,IA No. 1262 OF 2024 in Appeal No. 482 OF 2024,https://aptel.gov.in/sites/default/files/2026-05/IA%20No.%201262%20of%202024%20%20inb%20Appeal%20No.%20482%20of%202024.pdf,2026-05-22T05:34:28.713528
e5177ca4e046116b,APPEAL No. 213 OF 2018,https://aptel.gov.in/sites/default/files/2026-05/Final%20Judgment%20in%20APL%20213%20of%202018.pdf,2026-05-22T05:34:31.571078
2ecd46f71a59133b,APPEAL NO. 280 OF 2017 APPEAL NO. 371 OF 2017 & APPEAL NO.398 OF 2017,https://aptel.gov.in/sites/default/files/2026-05/Final%20Judgment%20Apl%20280%20of%202017.pdf,2026-05-22T05:34:35.000543
7fc06a1a1e60de4d,APPEAL No. 163 OF 2017 & IA NO. 399 OF 2017,https://aptel.gov.in/sites/default/files/2026-05/Final%20judgement%20APL%20163%20of%202017.pdf,2026-05-22T05:34:37.588588
425cdae336574b41,APPEAL No. 190 of 2018,https://aptel.gov.in/sites/default/files/2026-05/190%20of%202018_0.pdf,2026-05-22T05:34:40.097532
0839bd5822b795b7,"APPEAL No. 184 of 2020 & IA No. 1963 of 2024 and IA Nos. 374, 985 and 986 of 2026",https://aptel.gov.in/sites/default/files/2026-05/Judgment%20in%20Appeal%20No.%20184%20of%202020.pdf,2026-05-22T05:34:44.843560
caed3bdcee2f677d,APPEAL NO.23 OF 2018,https://aptel.gov.in/sites/default/files/2026-05/J%20APL%2023%20OF%202018.pdf,2026-05-22T05:34:48.209906
4d7b1835f48218fd,APPEAL NO. 21 OF 2020,https://aptel.gov.in/sites/default/files/2026-05/J%20APL%2021%20of%202020.pdf,2026-05-25T12:43:52.940620
a31590035d21fa5d,IA NO.448 of 2026 IN DFR No.114 OF 2026 IA NO.472 of 2026 IN DFR No.121 OF 2026 IA NO.477 of 2026 IN DFR No.122 OF 2026 IA NO.482 of 2026 IN DFR No.123 OF 2026 IA NO.487 of 2026 IN DFR No.124 OF 2026 IA NO.542 of 2026 IN DFR No.139 OF 2026 IA NO.438 of 2026 IN DFR No.112 OF 2026,https://aptel.gov.in/sites/default/files/2026-05/Order%20on%20IAs-CD%20in%20DFR%20112%20of%202026%20and%20Batch.pdf,2026-05-28T06:32:43.178424
e7dbf0a93dffb955,Review Petition No. 7 of 2026 & Review Petition No. 8 of 2026 & IA No. 1047 of 2026 In Original Petition No. 1 of 2025,https://aptel.gov.in/sites/default/files/2026-05/RP%20Nos.%207%20%26%208%20%20of%202026.pdf,2026-05-28T06:32:46.350453
d1ae040fcb4c11e1,IA No. 899 of 2026 & IA No. 1041 of 2026 in OP No. 1 OF 2025,https://aptel.gov.in/sites/default/files/2026-05/IA%20No.%20899%20of%202026%20%20%26%20I%20A%20%20No.%201041%20of%202026%20in%20O.P.%20No.%2001%20of%202025.pdf,2026-05-28T06:32:48.437725
20a45fccc98b5cfc,APPEAL No. 10 of 2018,https://aptel.gov.in/sites/default/files/2026-05/Judgment%20in%20Appeal%20No.%2010%20of%202018.pdf,2026-05-29T08:51:07.185054
dde86a4c3b895544,APPEAL No. 92 OF 2016 AND APPEAL No. 93 OF 2016,https://aptel.gov.in/sites/default/files/2026-05/May%2026%20FINAL-%20Judgment%20in%20APL%2092%20of%202016%20%26%20batch.pdf,2026-05-29T12:27:04.176208
51b91b293e73d29b,IA NO.997 OF 2025 IN DFR No.231 OF 2025,https://aptel.gov.in/sites/default/files/2026-05/Order%20on%20IA%20997%20of%202025%20in%20DFR%20231%20of%202025.pdf,2026-05-29T12:27:06.440168
ef834eb11c4ee057,APPEAL No. 692 of 2023 & IA No. 1827 of 2023,https://aptel.gov.in/sites/default/files/2026-05/APL%20692%20of%202023.pdf,2026-05-29T12:27:10.362787
401e49500a007105,APPEAL NO. 179 OF 2021,https://aptel.gov.in/sites/default/files/2026-05/May%2026%20-%20FINAL%20Judgment%20in%20APL%20179%20of%202021%20%281%29.pdf,2026-05-30T05:56:06.961621
45c420d8b5d98b47,"Appeal No. 220 of 2026 & IA No. 719 OF 2026 & IA No. 718 OF 2026 & IA No. 1051 OF 2026, Appeal No. 103 of 2026 & IA No. 432 OF 2026 & IA No. 434 OF 2026 & IA No. 858 OF 2026, Appeal No. 106 of 2026 & IA No. 444 OF 2026 & IA No. 445 OF 2026 & IA No. 836 OF 2026, Appeal No. 125 of 2026 & IA No. 509 OF 2026 & IA No. 511 OF 2026 AND Appeal No. 110 of 2026 & IA No. 454 OF 2026 & IA No. 453 OF 2026 & IA No. 805 OF 2026",https://aptel.gov.in/sites/default/files/2026-06/Appeal%20No.%20220%20of%202026%20%26%20batch.pdf,2026-06-05T06:43:52.118695
8815eae718be82f5,APPEAL No. 15 of 2026 & IA No. 1074 of 2025,https://aptel.gov.in/sites/default/files/2026-07/Judgment%20in%20Appeal%20No.%2015%20of%202026.pdf,2026-07-02T11:42:40.213131
a85cd07fac8728ca,APPEAL NO. 410 OF 2022 & IA No. 1512 of 2022,https://aptel.gov.in/sites/default/files/2026-07/Judgment%20in%20Appeal%20No.%20410%20%20of%202022.pdf,2026-07-02T11:42:45.538843
412925b86022870f,RP No. 35 OF 2025 & IA No. 177 of 2026 IN APL No. 268 OF 2016 RP No. 32 OF 2025 & IA No. 190 of 2026 IN APL No. 274 OF 2016 RP No. 33 OF 2025 & IA No. 213 of 2026 IN APL No. 135 OF 2017 RP No. 42 OF 2025 & IA No. 188 of 2026 IN APL No. 275 OF 2016 RP No. 43 OF 2025 & IA No. 179 of 2026 IN APL No. 272 OF 2016 RP No. 44 OF 2025 & IA No. 211 of 2026 IN APL No. 134 OF 2017 RP No. 45 OF 2025 & IA No. 186 of 2026 IN APL No. 8 OF 2017 RP No. 46 OF 2025 & IA No. 182 of 2026 IN APL No. 10 OF 2017 RP No. 47 OF 2025 & IA No. 193 of 2026 IN APL No. 299 OF 2016 RP No. 48 OF 2025 & IA No. 181 of 2026 IN APL No. 35 OF 2017 RP No. 49 OF 2025 & IA No. 187 of 2026 IN APL No. 7 OF 2017 RP No. 50 OF 2025 & IA No. 184 of 2026 IN APL No. 11 OF 2017 RP No. 51 OF 2025 & IA No. 209 of 2026 IN APL No. 183 OF 2017 RP No. 52 OF 2025 IN APL No. 4 OF 2017 RP No. 53 OF 2025 & IA No. 185 of 2026 IN APL No. 324 OF 2017 RP No. 34 OF 2025 IN APL No. 298 OF 2016 RP No. 36 OF 2025 & IA No. 191 of 2026 IN APL No. 270 OF 2016 RP No. 37 OF 2025 & IA No. 212 of 2026 IN APL No. 133 OF 2017 RP No. 38 OF 2025 & IA No. 192 of 2026 IN APL No. 237 OF 2016 RP No. 39 OF 2025 & IA No. 180 of 2026 IN APL No. 269 OF 2016 RP No. 40 OF 2025 IN APL No. 312 OF 2016 RP No. 41 OF 2025 & IA No. 189 of 2026 IN APL No. 271 OF 2016 RP No. 54 OF 2025 & IA No. 210 of 2026 IN APL No. 136 OF 2017 RP No. 55 OF 2025 & IA No. 183 of 2026 & IA No. 214 OF 2026 IN APL No. 181 OF 2017 RP No. 56 OF 2025 & IA No. 178 of 2026 IN APL No. 326 OF 2016,https://aptel.gov.in/sites/default/files/2026-07/RP%2035%20OF%202025%20and%20Batch-25Nos.pdf,2026-07-02T11:42:52.231537
be588c22792a20a3,REVIEW PETITION NO.31 OF 2025 & IA NO. 1487 OF 2025 IN APPEAL NOS.254 OF 2021 & 207 OF 2022,https://aptel.gov.in/sites/default/files/2026-07/RP%2031%20OF%202025.pdf,2026-07-03T08:25:39.318838
8d8481606b5d8a24,REVIEW PETITION NO.20 OF 2025 IN Appeal No.130 of 2019,https://aptel.gov.in/sites/default/files/2026-07/RP%2020%20OF%202025.pdf,2026-07-03T08:25:41.757385
79519967ffb638b2,IA NO.62 OF 2026 IN DFR NO.21 OF 2026,https://aptel.gov.in/sites/default/files/2026-07/IA%20No.62%20OF%202026%20IN%20DFR%2021%20OF%202026.pdf,2026-07-03T08:25:44.960000
88ee1861817c0b85,APPEAL NO.183 OF 2020,https://aptel.gov.in/sites/default/files/2026-07/APL%20183%20OF%202020-F.pdf,2026-07-03T08:25:49.038221
4019f676e68b6893,APPEAL No. 155 of 2025,https://aptel.gov.in/sites/default/files/2026-07/Appeal%20No.%20155%20of%202025.pdf,2026-07-04T05:55:12.621289
cf80caf1e22dd407,APPEAL Nos. 244 & 245 of 2016,https://aptel.gov.in/sites/default/files/2026-07/A-%20244%20%26%20245%20of%202016.pdf,2026-07-04T05:55:14.938525
e44b9e471df72436,APPEAL No. 200 of 2018,https://aptel.gov.in/sites/default/files/2026-07/A%20200%20of%202018.pdf,2026-07-04T05:55:18.597024
e05936f682346b04,APPEAL No. 53 of 2020,https://aptel.gov.in/sites/default/files/2026-07/A-%2053%20of%202020.pdf,2026-07-04T05:55:22.335850
15ce628e6c23472f,APL No. 300 OF 2015,http://aptel.gov.in/sites/default/files/2026-07/300%20of%202015.pdf,2026-07-04T11:00:17.778156
98cda5f4f889ae24,APPEAL NO. 198 OF 2017 & IA No. 971 OF 2017,http://aptel.gov.in/sites/default/files/2026-07/Final%20Draft%20Judgment%20in%20APL%20198%20of%202017%20CII.pdf,2026-07-04T11:00:21.324330
328b4c30024056cb,APPEAL No. 27 OF 2026 & IA No. 41 OF 2026,http://aptel.gov.in/sites/default/files/2026-07/Final%20Judgement%20-APL%20%2027%20of%202026%20C-1.pdf,2026-07-04T11:00:23.843300
65aa1f06a1842dab,APPEAL NO. 89 OF 2025 & IA No. 456 OF 2025 APPEAL NO. 94 OF 2025 & IA No. 433 OF 2025 & APPEAL NO.135 OF 2025 & & IA No. 796 OF 2025,http://aptel.gov.in/sites/default/files/2026-07/Final%20Judgment%20in%20APL%2089%2C94%20%26%20135%20of%202025%20C-I.pdf,2026-07-04T11:00:26.703201
29f0c9a27c12272d,"APL No. 171 OF 2019 & IA No. 1326 OF 2024 & IA No. 714 OF 2025 & IA No. 1001 OF 2025 APL No. 352 OF 2019 & IA No. 1331 OF 2024 & IA No. 750 OF 2025 & IA No. 755 OF 2025 & IA No. 251 OF 2026, APL No. 417 OF 2019 & IA No. 931 OF 2019 & IA No. 1354 OF 2024 & IA No. 1550 OF 2024 & IA No. 1687 OF 2024 & IA No. 1688 OF 2024 & IA No. 181 OF 2025 & IA No. 373 OF 2025 & IA No. 416 OF 2025 APL No. 24 OF 2020 & IA No. 1341 OF 2024 & IA No. 712 OF 2025 APL No. 29 OF 2020 & IA No. 1340 OF 2024 & IA No. 713 OF 2025 APL No. 31 OF 2020 & IA No. 1347 OF 2024 & IA No. 740 OF 2025 APL No. 42 OF 2020 & IA No. 1342 OF 2024 & IA No. 715 OF 2025 APL No. 269 OF 2019 & IA No. 1349 OF 2024 & IA No. 1365 OF 2020 & IA No. 710 OF 2025 APL No. 365 OF 2019 & IA No. 1350 OF 2024 & IA No. 717 OF 2025 APL No. 416 OF 2019 & IA No. 1338 OF 2024 & IA No. 716 OF 2025 APL No. 437 OF 2019 & IA No. 1329 OF 2024 & IA No. 2099 OF 2019 & IA No. 2199 OF 2019 & IA No. 767 OF 2025 APL No. 448 OF 2019 & IA No. 1325 OF 2024 & IA No. 252 OF 2020 & IA No. 768 OF 2025 APL No. 82 OF 2023 & IA No. 1348 OF 2024 & IA No. 256 OF 2026 APL No. 254 OF 2023 & IA No. 1328 OF 2024 & IA No. 766 OF 2025 & IA No. 770 OF 2025 APL No. 252 OF 2019 & IA No. 1339 OF 2024 & IA No. 1562 OF 2019 & IA No. 26 OF 2020 & IA No. 711 OF 2025 & IA No. 1002 OF 2025 APL No. 292 OF 2019 & IA No. 1351 OF 2024 & IA No. 147 OF 2020 & IA No. 1003 OF 2025 APL No. 322 OF 2019 & IA No. 1337 OF 2024 & IA No. 744 OF 2025 APL No. 336 OF 2019 & IA No. 635 OF 2024 & IA No. 797 OF 2019 & IA No. 553 OF 2022 & IA No. 554 OF 2022 & IA No. 322 OF 2025 & IA No. 1097 OF 2025 APL No. 37 OF 2021 & IA No. 1330 OF 2024 & IA No. 254 OF 2026 APL No. 87 OF 2021 & IA No. 1380 OF 2024 & IA No. 745 OF 2025 APL No. 460 OF 2022 & IA No. 1327 OF 2024 & IA No. 739 OF 2025 APL No. 459 OF 2023 & IA No. 1336 OF 2024 & IA No. 265 OF 2023 & IA No. 754 OF 2025 & IA No. 1004 OF 2025 & IA No. 253 OF 2026 APL No. 460 OF 2023 & IA No. 1335 OF 2024 & IA No. 257 OF 2023 & IA No. 756 OF 2025 & IA No. 250 OF 2026 APL No. 413 OF 2019 & IA No. 1324 OF 2024 & IA No. 721 OF 2025 & IA No. 252 OF 2026 APL No. 83 OF 2023 & IA No. 1352 OF 2024 & IA No. 720 OF 2025 & Appeal No.171 of 2019 & batch Page 2 of 72 IA No. 255 OF 2026 DFR No : 331 of 2025 & IA No. 1357 OF 2025 & IA No. 1358 OF 2025 & IA No. 1481 OF 2025",https://aptel.gov.in/sites/default/files/2026-07/APL%20171%20OF%202019%20and%20batch.pdf,2026-07-08T11:15:27.814658
66a22f384f3cd410,APPEAL No.11 of 2022 & APPEAL No.468 of 2022,https://aptel.gov.in/sites/default/files/2026-07/Judgment%20in%20Appeal%20Nos.11%20of%202022%20and%20468%20of%202022%20%281%29.pdf,2026-07-08T11:15:32.308546
75a5caee7265729d,APPEAL NO. 28 OF 2019,https://aptel.gov.in/sites/default/files/2026-07/APL%2028%20OF%202019.pdf,2026-07-08T11:15:34.801105
b1d109cfc04be140,APPEAL No. 367 of 2019,https://aptel.gov.in/sites/default/files/2026-07/A%20-%20367%20of%202019.pdf,2026-07-08T11:15:38.938384
235f375113cd62b0,APL No. 300 OF 2015,https://aptel.gov.in/sites/default/files/2026-07/300%20of%202015.pdf,2026-07-08T11:15:42.879564
0c2c368e54244469,APPEAL NO. 198 OF 2017 & IA No. 971 OF 2017,https://aptel.gov.in/sites/default/files/2026-07/Final%20Draft%20Judgment%20in%20APL%20198%20of%202017%20CII.pdf,2026-07-08T11:15:47.851654
a1fd5072a0171b49,APPEAL No. 27 OF 2026 & IA No. 41 OF 2026,https://aptel.gov.in/sites/default/files/2026-07/Final%20Judgement%20-APL%20%2027%20of%202026%20C-1.pdf,2026-07-08T11:15:50.981813
235fa620c3d2a665,APPEAL NO. 89 OF 2025 & IA No. 456 OF 2025 APPEAL NO. 94 OF 2025 & IA No. 433 OF 2025 & APPEAL NO.135 OF 2025 & & IA No. 796 OF 2025,https://aptel.gov.in/sites/default/files/2026-07/Final%20Judgment%20in%20APL%2089%2C94%20%26%20135%20of%202025%20C-I.pdf,2026-07-08T11:15:54.091683
4f0812ac2346ec6c,APPEAL NO. 13 OF 2021,https://aptel.gov.in/sites/default/files/2026-07/APL%2013%20OF%202021.pdf,2026-07-09T06:15:36.174213
96659d05ef7cfd23,APPEAL No. 296 OF 2021,https://www.aptel.gov.in/sites/default/files/2026-07/PRONOUNCED%20FINAL%20Judgment%20in%20APL%20296%20of%202021.pdf,2026-07-10T12:08:11.217579
289c0224c62c6f74,APPEAL No. 306 OF 2016,https://www.aptel.gov.in/sites/default/files/2026-07/PRONOUNCED%20FINAL%20Judgement%20%20Appeal%20306%20of%202016.pdf,2026-07-10T12:08:14.126251
83d67be1bbc8533d,APPEAL NO. 475 OF 2022 APPEAL NO. 476 OF 2022 & APPEAL NO.189 OF 2023,https://www.aptel.gov.in/sites/default/files/2026-07/PRONOUNCED%20FINAL%20%20Judgment%20APL%20475%20of%202022%20%26%20batch.pdf,2026-07-10T12:08:17.058966
9822a3df0f130d6d,APPEAL NO.45 OF 2018,https://aptel.gov.in/sites/default/files/2026-07/APL%2045%20OF%202018.pdf,2026-07-15T11:01:50.366870
8aa2eb4614b2c4ca,Review Petition No. 18 of 2025 In Appeal No. 181 of 2020,https://aptel.gov.in/sites/default/files/2026-07/R.P.%2018%20of%202025.pdf,2026-07-15T11:01:53.092127
9720a541d1a85070,R.P. No. 13 of 2025 in APPEAL No. 130 of 2022,https://aptel.gov.in/sites/default/files/2026-07/R.P.%20%2013%20of%202025.pdf,2026-07-15T11:01:56.076055
58969d7a755b16e8,I.A. No. 1488 of 2021 in APPEAL No. 291 of 2021,https://aptel.gov.in/sites/default/files/2026-07/I.A.%20No.%201488%20of%202021.pdf,2026-07-15T11:01:59.394089
497c6ace7785de27,APPEAL NO. 456 of 2022,https://www.aptel.gov.in/sites/default/files/2026-07/Judgment%20in%20Appeal%20No.%20456%20of%202022.pdf,2026-07-17T05:23:01.034259
135767d997172b33,APPEAL No. 335 of 2021,https://www.aptel.gov.in/sites/default/files/2026-07/Judgment%20in%20Appeal%20No.%20335%20of%202021.pdf,2026-07-17T05:23:05.690579
ae42f69a777ebdbf,IA No.1789 OF 2025 IN APPEAL No.350 OF 2025 & IA No. 1791 OF 2025 AND IA No.1936 OF 2025 IN APPEAL No.57 OF 2026 & IA No.80 OF 2026,https://aptel.gov.in/sites/default/files/2026-07/Order%20on%20IA%20No.1789%20and%20....%20in%20APL%20%20Nos.%20350%20of%202025%20and%2057%20of%20....pdf,2026-07-22T11:18:22.302433
aa95ba8086e1ca3e,APPEAL No. 419 OF 2022,https://aptel.gov.in/sites/default/files/2026-07/Final%20Judgment%20in%20Appeal%20No.419%20of%202022%20%281%29.pdf,2026-07-24T05:30:21.090434
44f1eb415a5b23a4,APPEAL No. 300 OF 2022,https://aptel.gov.in/sites/default/files/2026-07/Final%20Judgment%20%20Appeal%20No.300%20of%202022.pdf,2026-07-24T05:30:24.806147
9fdb550971c1b7e2,APPEAL No. 65 OF 2026 & IA NO.243 OF 2026 & IA NO.370 OF 2026 AND APPEAL No. 66 OF 2026 & IA NO.246 OF 2026 & IA NO.369 OF 2026,https://www.aptel.gov.in/sites/default/files/2026-07/Final%20Judgment%20in%20APL%2065%20of%202026%20%26%2066%20of%202026.pdf,2026-07-30T05:18:05.081249
b8b99cf1b6e36630,APPEAL No. 151 of 2021,https://www.aptel.gov.in/sites/default/files/2026-07/Appeal%20No%20151%20of%202021.pdf,2026-07-30T05:18:08.353993
12eb08669e74a905,APPEAL No. 214 of 2021,https://aptel.gov.in/sites/default/files/2026-07/Appeal%20No%20214%20of%202021.pdf,2026-07-31T08:08:49.220600
6dcc415c805b1855,REVIEW PETITION NO.09 OF 2019 IN APPEAL NO. 16 OF 2018,https://aptel.gov.in/sites/default/files/2026-07/RP%209%20OF%202019.pdf,2026-07-31T08:08:51.638980
87df221a9a1ba519,APPEAL NO. 23 OF 2017,https://aptel.gov.in/sites/default/files/2026-07/Final%20Judgment%20APL%2023%20of%202017.pdf,2026-08-01T05:36:19.992735
3ebf84ff1e9d73b1,APPEAL No. 65 OF 2026 & IA NO.243 OF 2026 & IA NO.370 OF 2026 AND APPEAL No. 66 OF 2026 & IA NO.246 OF 2026 & IA NO.369 OF 2026,https://aptel.gov.in/sites/default/files/2026-07/Final%20Judgment%20in%20APL%2065%20of%202026%20%26%2066%20of%202026.pdf,2026-08-01T05:36:23.620003
f1c4cc45650085d5,IA NO.595 OF 2026 IN DFR NO.154 OF 2026 & IA NO.596 OF 2026,https://aptel.gov.in/sites/default/files/2026-08/IA%20595%20of%202026%20in%20DFR%20154%20of%202026.pdf,2026-08-11T03:55:40.799321
2446f3a937ad15c0,IA NO.595 OF 2026 IN DFR NO.154 OF 2026 & IA NO.596 OF 2026,https://aptel.gov.in/sites/default/files/2026-08/IA%20595%20of%202026%20in%20DFR%20154%20of%202026_0.pdf,2026-08-12T06:40:13.358222
85d11c1e5d095d41,APPEAL No.142 of 2021,https://aptel.gov.in/sites/default/files/2026-08/Judgment%20in%20Appeal%20No.142%20of%202021.pdf,2026-08-13T04:21:02.833713
8ab4637404a6e8b3,APPEAL No. 18 of 2026 & IA No. 1083 of 2025,https://aptel.gov.in/sites/default/files/2026-08/Judgment%20in%20Appeal%20No.%2018%20of%202026.pdf,2026-08-13T04:21:04.942302
9fb5c90193d990e2,APPEAL NO.317 OF 2021,https://www.aptel.gov.in/sites/default/files/2026-08/APL%20317%20OF%202021.pdf,2026-08-19T09:47:56.104358
21de76d47e9bb17c,APPEAL NO.316 OF 2021,https://www.aptel.gov.in/sites/default/files/2026-08/APL%20316%20OF%202021.pdf,2026-08-19T09:47:58.677057
c54a59ccdd585461,APPEAL NO.11 OF 2026 & IA NO.17 OF 2026,https://www.aptel.gov.in/sites/default/files/2026-08/APL%2011%20OF%202026.pdf,2026-08-19T09:48:01.123299
69a2f53d32c14e53,APPEAL NO. 158 OF 2016,https://aptel.gov.in/sites/default/files/2026-08/Final%20judgememt%20in%20Appeal%20158%20of%202016.pdf,2026-08-20T09:48:35.458127
0d2ed54301be07f5,IA Nos. 1385 of 2026 & 1664 of 2026 in APPEAL No. 279 of 2026,https://aptel.gov.in/sites/default/files/2026-08/IA%20Nos%201385%20%26%201664%20of%202026.pdf,2026-08-21T09:50:56.313734
9369f794f39766ac,APPEAL No. 307 OF 2017 AND APPEAL No. 344 OF 2017,https://aptel.gov.in/sites/default/files/2026-09/Final%20Judgement%20in%20APL%20307%20of%202017%20%26%20344%20of%202017.pdf,2026-09-02T13:36:48.350200
9877bcbf55ca28df,APPEAL NO.195 OF 2023,https://aptel.gov.in/sites/default/files/2026-09/APL%20195%20OF%202023.pdf,2026-09-02T13:36:51.402563
a6073fc1f5595eb8,IA NO. 890 OF 2024 IN APPEAL No. 85 OF 2024,https://aptel.gov.in/sites/default/files/2026-09/Final%20%20Order%20IA%20No.890%20of%202024%20%20in%20%20Appeal%20No.pdf,2026-09-03T09:43:51.160162
