id,petition_no,pdf_url,scraped_at
368267a6113f364b,240/MP/2023 & 302/MP/2023,https://www.cercind.gov.in/2025/orders/240-MP-2023-Ors.pdf,2026-05-11T10:40:48.180694
05d4aef7e2df9f83,267/MP/2024,https://www.cercind.gov.in/2025/orders/267-MP-2024.pdf,2026-05-11T10:40:51.468101
a70fe6e10388f25c,107/MP/2021,https://www.cercind.gov.in/2025/orders/107-MP-2021.pdf,2026-05-11T10:40:58.996061
3c2a28f33475e234,583/TT/2025,https://www.cercind.gov.in/2025/orders/583-TT-2025.pdf,2026-05-11T10:41:08.716292
fadfde71759e2e13,409/TT/2025,https://www.cercind.gov.in/2025/orders/409-TT-2025.pdf,2026-05-11T10:41:17.815543
1c1b3ec60b3b7f4d,267/TT/2025,https://www.cercind.gov.in/2025/orders/267-TT-2025.pdf,2026-05-11T10:41:28.108240
d864478e85b53e85,192/TT/2025,https://www.cercind.gov.in/2025/orders/192-TT-2025.pdf,2026-05-11T10:41:38.442524
3c5fc1afd5aa0158,281/TT/2025,https://www.cercind.gov.in/2025/orders/281-TT-2025.pdf,2026-05-11T10:41:47.658453
1f75ec0ff8d02ca8,481/TT/2025,https://www.cercind.gov.in/2025/orders/481-TT-2025.pdf,2026-05-11T10:41:57.608980
f2cc92bf61de58ae,406/TT/2025,https://www.cercind.gov.in/2025/orders/406-TT-2025.pdf,2026-05-11T10:42:06.568396
ba18f2fc16e7f461,268/TT/2025,https://www.cercind.gov.in/2025/orders/268-TT-2025.pdf,2026-05-11T10:42:16.294540
ec3034653115e089,861/AT/2025,https://www.cercind.gov.in/2025/orders/861-AT-2025.pdf,2026-05-11T10:42:21.773169
a86092931ff50776,128/GT/2024,https://www.cercind.gov.in/2025/orders/128-GT-2024.pdf,2026-05-11T10:42:29.484858
52562d17717372d8,105/MP/2024,https://www.cercind.gov.in/2025/orders/105-MP-2024.pdf,2026-05-11T10:42:36.305087
f87e81d7f2a4c611,68/AT/2025,https://www.cercind.gov.in/2025/orders/68-AT-2025.pdf,2026-05-11T10:42:42.082448
d52d28e5027ce17a,390/TT/2025,https://www.cercind.gov.in/2025/orders/390-TT-2025.pdf,2026-05-11T10:42:50.433005
4651c0822ca7fd20,200/TT/2025,https://www.cercind.gov.in/2025/orders/200-TT-2025.pdf,2026-05-11T10:43:00.827259
508518b0e8f0f603,108/TT/2016 (On Remand),https://www.cercind.gov.in/2025/orders/108-TT-2016.pdf,2026-05-11T10:43:06.988929
6551bbce8e4eef7d,350/MP/2024 along with IA No. 101/2024 and 103/2024,https://www.cercind.gov.in/2025/orders/350-MP-2024.pdf,2026-05-11T10:43:12.669778
fb997889bf9e83ed,259/MP/2024 along with IA No. 59/2024,https://www.cercind.gov.in/2025/orders/259-MP-2024.pdf,2026-05-11T10:43:18.337519
cc0ba8d44d8367de,10/SM/2025,https://www.cercind.gov.in/2025/orders/10-SM-2025_.pdf,2026-05-11T10:43:22.659606
e68e3ffeff5b71d5,336/MP/2025,https://www.cercind.gov.in/2025/orders/336-MP-2025.pdf,2026-05-11T10:43:25.951865
918685c787b4026d,860/TL/2025,https://www.cercind.gov.in/2025/orders/860-TL-2025-I.pdf,2026-05-11T10:43:32.042942
22ee923829246ff7,8/RP/2025 in 87/MP/2024,https://www.cercind.gov.in/2025/orders/8-RP-2025.pdf,2026-05-11T10:43:36.540155
31fd273ea1eef66f,4/SM/2025,https://www.cercind.gov.in/2025/orders/4-SM-2025-I.pdf,2026-05-11T10:43:40.629044
72bd6a336530dc08,857/TL/2025,https://www.cercind.gov.in/2025/orders/857-TL-2025_I.pdf,2026-05-11T10:43:45.256088
eb374da4907b0432,IA No. 59/2025 in 282/MP/2023,https://www.cercind.gov.in/2025/orders/59-IA-2025.pdf,2026-05-11T10:43:50.156165
29349a271df40643,60/TT/2025,https://www.cercind.gov.in/2025/orders/60-TT-2025.pdf,2026-05-11T10:43:58.486074
bb9252de79b6f609,588/TT/2025,https://www.cercind.gov.in/2025/orders/588-TT-2025.pdf,2026-05-11T10:44:08.829857
39c20ebab1de72f4,299/TT/2024,https://www.cercind.gov.in/2025/orders/299-TT-2024.pdf,2026-05-11T10:44:16.550833
a4ec71e8477a02b7,513/TL/2024,https://www.cercind.gov.in/2025/orders/513-TL-2024.pdf,2026-05-11T10:44:23.907526
579049db38e0b063,73/TL/2025,https://www.cercind.gov.in/2025/orders/73-TL-2025-I.pdf,2026-05-11T10:44:29.657740
3b756c5a5b46af64,758/AT/2025,https://www.cercind.gov.in/2025/orders/758-AT-2025.pdf,2026-05-11T10:44:34.604844
969559b19731dc38,789/TL/2025,https://www.cercind.gov.in/2025/orders/789-TL-2025.pdf,2026-05-11T10:44:38.201221
207d68041d17efb3,610/TT/2025,https://www.cercind.gov.in/2025/orders/610-TT-2025.pdf,2026-05-11T10:44:47.062600
39ab43492643d4ac,869/TL/2025,https://www.cercind.gov.in/2025/orders/869-TL-2025-I.pdf,2026-05-11T10:44:51.984469
a4e578b701928b50,401/TT/2025,https://www.cercind.gov.in/2025/orders/401-TT-2025.pdf,2026-05-11T10:45:00.271611
9895f5e04ef1133c,567/TT/2025,https://www.cercind.gov.in/2025/orders/567-TT-2025.pdf,2026-05-11T10:45:09.509941
fe15b49406a8423a,512/TT/2025,https://www.cercind.gov.in/2025/orders/512-TT-2025.pdf,2026-05-11T10:45:18.169643
6406cd8bd11b06c8,372/TT/2025,https://www.cercind.gov.in/2025/orders/372-TT-2025.pdf,2026-05-11T10:45:30.871280
ce3b0dbada6a8879,22/TT/2025,https://www.cercind.gov.in/2025/orders/22-TT-2025.pdf,2026-05-11T10:45:38.710968
d7bbe2568b9bc890,827/TD/2025,https://www.cercind.gov.in/2025/orders/827-TD-2025.pdf,2026-05-11T10:45:41.473555
6c13eef906b7e745,452/MP/2025 along with IA.No.75/2025 and IA.No.82/2025,https://www.cercind.gov.in/2025/orders/452-MP-2025.pdf,2026-05-11T10:45:47.350879
62b11d8bfd2984df,526/TT/2025,https://www.cercind.gov.in/2025/orders/526-TT-2025.pdf,2026-05-11T10:45:56.337604
63c121a8cf5167e5,270/TT/2025,https://www.cercind.gov.in/2025/orders/270-TT-2025.pdf,2026-05-11T10:46:06.668499
327d9224aac1c8ec,93/TT/2025,https://www.cercind.gov.in/2025/orders/93-TT-2025.pdf,2026-05-11T10:46:14.284067
206af33e67f5a77f,587/TT/2025,https://www.cercind.gov.in/2025/orders/587-TT-2025.pdf,2026-05-11T10:46:23.942546
a527088b2aaeda81,14/SM/2025,https://www.cercind.gov.in/2025/orders/14-SM-2025.pdf,2026-05-11T10:46:28.302288
01423933f81c8940,316/MP/2025,https://www.cercind.gov.in/2025/orders/316-MP-2025.pdf,2026-05-11T10:46:36.569414
675d4ede5b6e4677,209/MP/2017 (On Remand),https://www.cercind.gov.in/2025/orders/209-MP-2017.pdf,2026-05-11T10:46:45.857497
369f2f5af837b029,263/TT/2025,https://www.cercind.gov.in/2025/orders/263-TT-2025.pdf,2026-05-11T10:46:54.744704
aba3b6ebd17477d5,245/TL/2025,https://www.cercind.gov.in/2025/orders/245-TL-2025-I.pdf,2026-05-11T10:47:00.558588
30ed0e212e96faa8,597/TT/2025,https://www.cercind.gov.in/2025/orders/597-TT-2025.pdf,2026-05-11T10:47:10.673007
5a9d38f836ca7f3b,768/MP/2025 along with IA 76/2025 and 77/2025 & 769/MP/2025 along with 78/2025 and 79/2025,https://www.cercind.gov.in/2025/orders/768MP2025and769MP2025.pdf,2026-05-11T10:47:15.871399
7b464124900e7f7c,384/TT/2025,https://www.cercind.gov.in/2025/orders/384-TT-2025.pdf,2026-05-11T10:47:26.438544
6d0f5acc1d434356,376/TT/2025,https://www.cercind.gov.in/2025/orders/376-TT-2025.pdf,2026-05-11T10:47:37.435533
cde2fb10125f818e,330/TT/2023,https://www.cercind.gov.in/2025/orders/330-TT-2023.pdf,2026-05-11T10:47:40.847790
e7bc2754789d9e85,262/TT/2025,https://www.cercind.gov.in/2025/orders/262-TT-2025.pdf,2026-05-11T10:47:46.959073
d5b18625d69629f7,202/TT/2025,https://www.cercind.gov.in/2025/orders/202-TT-2025.pdf,2026-05-11T10:47:57.501735
0fc65376d2a6f974,101/TT/2025,https://www.cercind.gov.in/2025/orders/101-TT-2025.pdf,2026-05-11T10:48:06.702581
115ec7627559e4c9,80/TT/2025,https://www.cercind.gov.in/2025/orders/80-TT-2025.pdf,2026-05-11T10:48:11.443881
10786ddb5bf1a5d2,59/TT/2025,https://www.cercind.gov.in/2025/orders/59-TT-2025.pdf,2026-05-11T10:48:20.988467
f0b67780fc0907e9,211/TT/2024,https://www.cercind.gov.in/2025/orders/211-TT-2024.pdf,2026-05-11T10:48:24.279225
0411fa5b5e0fac5d,727/MP/2025 along with IA No. 115/IA/2025,https://www.cercind.gov.in/2025/orders/727-MP-2025.pdf,2026-05-11T10:48:27.625845
f4fdd79737761d77,295/MP/2024,https://www.cercind.gov.in/2025/orders/295.pdf,2026-05-11T10:48:31.532260
9fa2aeaf430fc357,221/TT/2025,https://www.cercind.gov.in/2025/orders/221.pdf,2026-05-11T10:48:41.491103
8c30e06384e74e4e,318/TT/2025,https://www.cercind.gov.in/2025/orders/318-TT-2025.pdf,2026-05-11T10:48:51.836339
77f7eb18680fe28f,26/MP/2024 along with IA No. 65/ IA/2024,https://www.cercind.gov.in/2025/orders/26-MP-2024.pdf,2026-05-11T10:49:00.456920
c90926893044e17b,273/MP/2024 alongwith IA No.120/IA/2025,https://www.cercind.gov.in/2025/orders/273-MP-2024.pdf,2026-05-11T10:49:06.798843
7139b9869b560d89,184/MP/2019 (On remand),https://www.cercind.gov.in/2025/orders/184-MP-2019.pdf,2026-05-11T10:49:10.221331
8d78d8b2a15aaf81,254/AT/2025,https://www.cercind.gov.in/2025/orders/254-AT-2025.pdf,2026-05-11T10:49:16.892985
36714713dbcbff79,827/TD/2025,https://www.cercind.gov.in/2025/orders/827-TD-2025_I.pdf,2026-05-11T10:49:20.188237
d63b21c84eb3d0dc,254/MP/2023,https://www.cercind.gov.in/2025/orders/254-MP-2023.pdf,2026-05-11T10:49:27.382840
fa7ea5eae3fe5748,722/AT/2025,https://www.cercind.gov.in/2025/orders/722.pdf,2026-05-11T10:49:32.634740
084e3aafaab913a0,45/GT/2016,https://www.cercind.gov.in/2025/orders/45-GT-2016.pdf,2026-05-11T10:49:39.685106
a95da337d4d3af3c,426/TL/2024,https://www.cercind.gov.in/2025/orders/426-TL-2024.pdf,2026-05-11T10:49:46.907905
7941bf5f596f59a4,"107/MP/2023, 85/MP/2022, 123/MP/2022, 246/MP/2022, 56/MP/2023, 185/MP/2023, 205/MP/2023",https://www.cercind.gov.in/2025/orders/85-MP-2022_Ors.-I.pdf,2026-05-11T10:49:53.871793
1098d2740ebf24a0,13/SM/2025,https://www.cercind.gov.in/2025/orders/13-SM-2025.pdf,2026-05-11T10:49:57.670970
66e8eb0748db4d12,908/RC/2025,https://www.cercind.gov.in/2025/orders/908-RC-2025.pdf,2026-05-11T10:50:00.414835
e0d044144b17de31,Corrigendum to 52/TT/2023,https://www.cercind.gov.in/2025/orders/Corri52-TT-2023.pdf,2026-05-11T10:50:02.405450
1fb0e9d63140db58,789/TL/2025,https://www.cercind.gov.in/2025/orders/789-TL-2025-I.pdf,2026-05-11T10:50:06.689063
e068a1dd82e3bf72,693/MP/2025,https://www.cercind.gov.in/2025/orders/693-MP-2025.pdf,2026-05-11T10:50:08.909214
831a8571b85c2f1b,755/TL/2025,https://www.cercind.gov.in/2025/orders/755-TL-2025.pdf,2026-05-11T10:50:12.137508
87b9e05356308ce2,428/MP/2024 along with IA 45/2025,https://www.cercind.gov.in/2025/orders/428-MP-2024.pdf,2026-05-11T10:50:18.220096
4ab306bfddc2dc1b,862/MP/2025 along with I. A. No. 108/IA/2025,https://www.cercind.gov.in/2025/orders/862-MP-2025.pdf,2026-05-11T10:50:21.582478
403ec93535bbf8d7,56/MP/2022,https://www.cercind.gov.in/2025/orders/56-MP-2022.pdf,2026-05-11T10:50:29.342774
b5952d29f56d24be,159/TT/2024,https://www.cercind.gov.in/2025/orders/159-TT-2024.pdf,2026-05-11T10:50:38.595420
c28f891762cb13f2,271/TT/2025,https://www.cercind.gov.in/2025/orders/271-TT-2025.pdf,2026-05-11T10:50:48.205860
a2fc01401a343240,854/MP/2025,https://www.cercind.gov.in/2025/orders/854-MP-2025.pdf,2026-05-11T10:50:52.738174
df5ccddb082272a1,5/RP/2025 In 436/GT/2020,https://www.cercind.gov.in/2025/orders/5-RP-2025.pdf,2026-05-11T10:50:55.349265
e24aed105b5dd95e,4/RP/2025 In 440/GT/2020,https://www.cercind.gov.in/2025/orders/4-RP-2025.pdf,2026-05-11T10:50:58.156104
8e1b7a1652322c7a,55/TT/2023,https://www.cercind.gov.in/2025/orders/55-TT-2023.pdf,2026-05-11T10:51:07.810831
69f04ff4bb11968a,3/TT/2023,https://www.cercind.gov.in/2025/orders/3-TT-2023.pdf,2026-05-11T10:51:15.790399
9b78f7bb8c374e08,849/TD/2025,https://www.cercind.gov.in/2025/orders/849-TD-2025.pdf,2026-05-11T10:51:19.080994
6d2eb221c4d44a19,778/TD/2025,https://www.cercind.gov.in/2025/orders/778-TD-2025.pdf,2026-05-11T10:51:22.186533
a86b2a3b04da9d13,756/AT/2025,https://www.cercind.gov.in/2025/orders/756-AT-2025.pdf,2026-05-11T10:51:26.412414
790a1c260d69ff13,482/TT/2019 and 676/TT/2020,https://www.cercind.gov.in/2025/orders/482-TT-2019-Ors.pdf,2026-05-11T10:51:36.248575
19837f7410fb9f14,496/MP/2024,https://www.cercind.gov.in/2025/orders/496.pdf,2026-05-11T10:51:41.615459
1060edddce2924c2,441/TL/2025,https://www.cercind.gov.in/2025/orders/441.pdf,2026-05-11T10:51:45.545237
4073e775893b0682,253/MP/2024,https://www.cercind.gov.in/2025/orders/253.pdf,2026-05-11T10:51:53.030267
126c4eb9d2005e88,Corrigendum to 11/SM/2025,https://www.cercind.gov.in/2025/orders/Corri-11-SM-2025.pdf,2026-05-11T10:51:55.534406
a858374cc9b27f51,201/TT/2025,https://www.cercind.gov.in/2025/orders/201-TT-2025.pdf,2026-05-11T10:52:04.798283
4db5910c62a7f80c,755/TL/2025,https://www.cercind.gov.in/2025/orders/755-TL-2025-I.pdf,2026-05-11T10:52:10.262250
b95dde93ee2adc66,780/TD/2025,https://www.cercind.gov.in/2025/orders/780-TD-2025.pdf,2026-05-11T10:52:12.896458
326d1f3c9b748ba4,199/TT/2025,https://www.cercind.gov.in/2025/orders/199-TT-2025.pdf,2026-05-11T10:52:22.428216
e2a71a8f5d6149b2,181/TT/2024,https://www.cercind.gov.in/2025/orders/181-TT-2024.pdf,2026-05-11T10:52:30.062347
8372a8db06a24b76,391/TT/2023,https://www.cercind.gov.in/2025/orders/391-TT-2023.pdf,2026-05-11T10:52:40.154669
d2fd0af632fb6c7a,327/TT/2023,https://www.cercind.gov.in/2025/orders/327-TT-2023.pdf,2026-05-11T10:52:47.785904
9e618fa5bcb71a63,195/TT/2025,https://www.cercind.gov.in/2025/orders/195-TT-2025.pdf,2026-05-11T10:52:50.578428
8efb94aaf68edb30,95/TT/2024,https://www.cercind.gov.in/2025/orders/95-TT-2024.pdf,2026-05-11T10:52:59.766402
3f482a0e20b1b72f,11/SM/2025,https://www.cercind.gov.in/2025/orders/11-SM-2025.pdf,2026-05-11T10:53:03.978908
5500cd1fe4a0b660,38/RP/2023 in 252/MP/2021,https://www.cercind.gov.in/2025/orders/38.pdf,2026-05-11T10:53:07.193292
a1ab6e8e290e5c8e,380/TT/2025,https://www.cercind.gov.in/2025/orders/380.pdf,2026-05-11T10:53:18.030358
cc8bacf59842acd4,689/TL/2025,https://www.cercind.gov.in/2025/orders/689.pdf,2026-05-11T10:53:20.672365
999e4e54a5bca7cd,686/TL/2025,https://www.cercind.gov.in/2025/orders/686.pdf,2026-05-11T10:53:24.210428
1263039d6268914c,834/MP/2025,https://www.cercind.gov.in/2025/orders/834-MP-2025.pdf,2026-05-11T10:53:26.821839
7888c5677fdf4266,725/TL/2025,https://www.cercind.gov.in/2025/orders/725-TL-2025.pdf,2026-05-11T10:53:29.969036
e9f2768977d74e04,723/AT/2025 along with I.A. No. 66/2025,https://www.cercind.gov.in/2025/orders/723-AT-2025.pdf,2026-05-11T10:53:33.206944
fd90213125dd5b5c,688/TL/2025,https://www.cercind.gov.in/2025/orders/688-TL-2025.pdf,2026-05-11T10:53:36.390375
b560ee44aeb98aa4,678/TL/2025,https://www.cercind.gov.in/2025/orders/678-TL-2025.pdf,2026-05-11T10:53:39.312254
74f0c7307926993b,413/MP/2024,https://www.cercind.gov.in/2025/orders/413-MP-2024.pdf,2026-05-11T10:53:43.204716
b3d81d090e658858,24/RP/2023 In 392/GT/2020,https://www.cercind.gov.in/2025/orders/24-RP-2023.pdf,2026-05-11T10:53:49.369781
f61ff173497eb1d6,349/MP/2024 with IA Nos. 84 & 85/2024,https://www.cercind.gov.in/2025/orders/349-MP-2024.pdf,2026-05-11T10:53:54.422600
5d12452004e19633,IA No. 61/2025 in 91/MP/2024,https://www.cercind.gov.in/2025/orders/61.pdf,2026-05-11T10:53:59.052212
6fe374e90b7e299a,724/AT/2025,https://www.cercind.gov.in/2025/orders/724.pdf,2026-05-11T10:54:03.721409
a6e3bfa1a0562da3,162/MP/2022,https://www.cercind.gov.in/2025/orders/162-MP-2022.pdf,2026-05-11T10:54:11.372861
965e59dfcfa50375,75/MP/2023,https://www.cercind.gov.in/2025/orders/75-MP-2023.pdf,2026-05-11T10:54:14.910783
44befc1336149cae,27/RP/2024 in 377/MP/2022,https://www.cercind.gov.in/2025/orders/27-RP-2024.pdf,2026-05-11T10:54:21.094110
67ff0bee53631e4c,96/TT/2024,https://www.cercind.gov.in/2025/orders/96-TT-2024.pdf,2026-05-11T10:54:28.797052
0ec9e809bf376cd3,33/RP/2024 in 328/TT/2023,https://www.cercind.gov.in/2025/orders/33-RP-2024.pdf,2026-05-11T10:54:33.454015
68ab2a6b01a84d71,780/TD/2025,https://www.cercind.gov.in/2025/orders/780-TD-2025_I.pdf,2026-05-11T10:54:36.670956
ecc44cb1ecc716e6,778/TD/2025,https://www.cercind.gov.in/2025/orders/778-TD-2025-I.pdf,2026-05-11T10:54:39.985087
e988c00d3cfcc92a,9/SM/2024,https://www.cercind.gov.in/2025/orders/9-SM-2025.pdf,2026-05-11T10:54:48.429092
a793278127c965b4,761/MP/2025,https://www.cercind.gov.in/2025/orders/761-MP-2025.pdf,2026-05-11T10:54:50.999207
c47d2209e60c80fd,672/MP/2025,https://www.cercind.gov.in/2025/orders/672-MP-2025.pdf,2026-05-11T10:54:54.765958
386b2a06d1310ca4,671/MP/2025,https://www.cercind.gov.in/2025/orders/671-MP-2025.pdf,2026-05-11T10:54:59.071725
7d43f13ce11c6f4d,184/TT/2024,https://www.cercind.gov.in/2025/orders/184-TT-2024.pdf,2026-05-11T10:55:07.748381
62ab052cfcd3ef3b,234/AT/2025,https://www.cercind.gov.in/2025/orders/234-AT-2025.pdf,2026-05-11T10:55:14.077375
cba0f3cecfbd69e5,360/TT/2023,https://www.cercind.gov.in/2025/orders/360-TT-2023.pdf,2026-05-11T10:55:21.861853
5abb81cce79563cb,546/MP/2025,https://www.cercind.gov.in/2025/orders/546-MP-2025.pdf,2026-05-11T10:55:26.420555
6e652de1de2c9b6e,204/TT/2025,https://www.cercind.gov.in/2025/orders/204-TT-2025.pdf,2026-05-11T10:55:35.633577
d922bf65586cd81e,203/TT/2025,https://www.cercind.gov.in/2025/orders/203-TT-2025.pdf,2026-05-11T10:55:44.840635
151b397076617686,725/TL/2025,https://www.cercind.gov.in/2025/orders/725-TL-2025_I.pdf,2026-05-11T10:55:51.194013
331800827997dff8,689/TL/2025,https://www.cercind.gov.in/2025/orders/689-TL-2025-I.pdf,2026-05-11T10:55:55.535699
5c1913eb80e5d58a,688/TL/2025,https://www.cercind.gov.in/2025/orders/688-TL-2025_I.pdf,2026-05-11T10:56:00.229297
219628e302ce88f4,687/MP/2025 along with I.A. No. 65/2025,https://www.cercind.gov.in/2025/orders/687-MP-2025.pdf,2026-05-11T10:56:02.312539
e217102515fdd0b1,686/TL/2025,https://www.cercind.gov.in/2025/orders/686-TL-2025_I.pdf,2026-05-11T10:56:07.843821
96974095858d36ba,377/TT/2025,https://www.cercind.gov.in/2025/orders/377-TT-2025.pdf,2026-05-11T10:56:17.592617
06a9079ebc53957d,678/TL/2025,https://www.cercind.gov.in/2025/orders/678-TL-2025-I.pdf,2026-05-11T10:56:22.006321
95e1d3ca1f519217,679/AT/2025,https://www.cercind.gov.in/2025/orders/679-AT-2025.pdf,2026-05-11T10:56:25.896529
e5fc7cb3644d73c7,445/TD/2025,https://www.cercind.gov.in/2025/orders/445-TD-2025-f.pdf,2026-05-11T10:56:28.443699
5db53adcb7b8a59e,13/RP/2025 along with IA No. 81/2025 in 241/AT/2025,https://www.cercind.gov.in/2025/orders/13-RP-2025.pdf,2026-05-11T10:56:33.009950
e01fbace3299c2b5,52/TT/2023,https://www.cercind.gov.in/2025/orders/52-TT-2023.pdf,2026-05-11T10:56:43.623783
f89c65c0b5ae2132,"173/TT/2013, 111/TT/2015 and 33/RP/2016 (On Remand)",https://www.cercind.gov.in/2025/orders/173-TT-2013-OR.pdf,2026-05-11T10:56:51.045287
ec18d7f5b02bac97,149/TT/2024,https://www.cercind.gov.in/2025/orders/149-TT-2024.pdf,2026-05-11T10:56:59.161038
d3e1923719aeb9ee,192/MP/2023,https://www.cercind.gov.in/2025/orders/192-MP-2023.pdf,2026-05-11T10:57:05.252373
138888cf528ff587,470/TL/2025,https://www.cercind.gov.in/2025/orders/470-TL-2025.pdf,2026-05-11T10:57:09.692177
038074d42cfd883d,137/GT/2024,https://www.cercind.gov.in/2025/orders/137-GT-2024.pdf,2026-05-11T10:57:18.341572
d64e7b1b3c407d49,9/TT/2021 (On remand),https://www.cercind.gov.in/2025/orders/9-TT-2021-OR.pdf,2026-05-11T10:57:25.671651
168573bb277b70ae,244/MP/2024,https://www.cercind.gov.in/2025/orders/244-MP-2024.pdf,2026-05-11T10:57:28.515029
520b14d8e382922b,4/TT/2023,https://www.cercind.gov.in/2025/orders/4-TT-2023.pdf,2026-05-11T10:57:36.017412
6e3dca4d76d992b1,303/MP/2024,https://www.cercind.gov.in/2025/orders/303-MP-2024.pdf,2026-05-11T10:57:39.618664
0ede4811e544c43d,324/MP/2025 and 279/MP/2025 along with IA No. 75/2025 and IA No. 256/2025,https://www.cercind.gov.in/2025/orders/324-MP-2025.pdf,2026-05-11T10:57:42.788378
69636230702d7c35,164/MP/2023 along with 166/MP/2023,https://www.cercind.gov.in/2025/orders/166-MP-2023.pdf,2026-05-11T10:57:47.377050
edc02795bd492185,162/MP/2024,https://www.cercind.gov.in/2025/orders/162-MP-2024.pdf,2026-05-11T10:57:51.841230
36814275a4267c10,475/GT/2025,https://www.cercind.gov.in/2025/orders/475-GT-2025-I.pdf,2026-05-11T10:57:57.115451
19cb652fabbf5109,668/TD/2025,https://www.cercind.gov.in/2025/orders/668-TD-2025.pdf,2026-05-11T10:58:00.062663
9512bfe38b580515,468/TL/2025,https://www.cercind.gov.in/2025/orders/468-TL-2025.pdf,2026-05-11T10:58:03.068073
748244c7ddebddcc,445/TD/2025,https://www.cercind.gov.in/2025/orders/445-TD-2025.pdf,2026-05-11T10:58:06.439066
651f278977a7735b,186/TT/2025,https://www.cercind.gov.in/2025/orders/186-TT-2025.pdf,2026-05-11T10:58:14.917810
f85ca1d7079d0061,615/MP/2025,https://www.cercind.gov.in/2025/orders/615-MP-2025.pdf,2026-05-11T10:58:17.129388
2809cdd7652dbc07,433/TL/2025,https://www.cercind.gov.in/2025/orders/433-TL-2025.pdf,2026-05-11T10:58:20.242151
c47449cd432b092a,264/MP/2022,https://www.cercind.gov.in/2025/orders/264-MP-2022.pdf,2026-05-11T10:58:25.252851
d6b6041b8c73aa64,78/TL/2025,https://www.cercind.gov.in/2025/orders/78-TL-2025.pdf,2026-05-11T10:58:28.710619
2dce8633e82bd9e7,1/TT/2025,https://www.cercind.gov.in/2025/orders/1-TT-2025.pdf,2026-05-11T10:58:37.858035
626f26c59f6fac86,512/TD/2024,https://www.cercind.gov.in/2025/orders/512-TD-2024.pdf,2026-05-11T10:58:39.967795
57b113b1f8de36d8,428/TL/2025,https://www.cercind.gov.in/2025/orders/428-TL-2025.pdf,2026-05-11T10:58:43.781663
9fa6db09621d7612,75/AT/2025,https://www.cercind.gov.in/2025/orders/75-AT-2025.pdf,2026-05-11T10:58:49.285006
8cd7ab2f791ea514,239/AT/2025,https://www.cercind.gov.in/2025/orders/239-AT-2025.pdf,2026-05-11T10:58:54.770762
d7406a24ecd713dd,312/AT/2025,https://www.cercind.gov.in/2025/orders/312-AT-2025.pdf,2026-05-11T10:59:01.776764
27ec8d6b93913918,345/TT/2025,https://www.cercind.gov.in/2025/orders/345-TT-2025.pdf,2026-05-11T10:59:11.094554
ac31ea4065bdd10e,28/TT/2025,https://www.cercind.gov.in/2025/orders/28-TT-2025.pdf,2026-05-11T10:59:21.286733
2b432a7204b3ee03,127/TT/2024,https://www.cercind.gov.in/2025/orders/127-TT-2024.pdf,2026-05-11T10:59:29.502046
ab303e15eb188dd8,714/MP/2025,https://www.cercind.gov.in/2025/orders/714-MP-2025.pdf,2026-05-11T10:59:31.659826
078dc8d2d9d699b1,613/MP/2025,https://www.cercind.gov.in/2025/orders/613-MP-2025.pdf,2026-05-11T10:59:34.024380
5b647e9c5b0c06be,273/MP/2023,https://www.cercind.gov.in/2025/orders/273-MP-2023.pdf,2026-05-11T10:59:36.475157
e2995132944b7c63,77/MP/2024,https://www.cercind.gov.in/2025/orders/77-MP-2024.pdf,2026-05-11T10:59:38.872559
6b30944c32c41450,26/TT/2025,https://www.cercind.gov.in/2025/orders/26-TT-2025.pdf,2026-05-11T10:59:48.204665
db99e4cbe147acfc,557/TD/2025,https://www.cercind.gov.in/2025/orders/557-TD-2025-F.pdf,2026-05-11T10:59:50.778441
9e43f543459b3065,263/MP/2024,https://www.cercind.gov.in/2025/orders/263-MP-2024.pdf,2026-05-11T10:59:58.189588
0123bd7078ee696f,475/TT/2024,https://www.cercind.gov.in/2025/orders/475-TT-2024.pdf,2026-05-11T11:00:07.666059
97c69c1d6d1e4e3d,395/TT/2024,https://www.cercind.gov.in/2025/orders/395-TT-2024.pdf,2026-05-11T11:00:10.653575
4a70f52637ceba7a,5/TT/2023,https://www.cercind.gov.in/2025/orders/5-TT-2023.pdf,2026-05-11T11:00:20.492967
3fb5819d91ec2433,586/MP/2025,https://www.cercind.gov.in/2025/orders/586-MP-2025.pdf,2026-05-11T11:00:24.250026
1014f8fbfadeb4bf,460/TL/2025,https://www.cercind.gov.in/2025/orders/460-TL-2025.pdf,2026-05-11T11:00:27.482702
d9452ecf4e951669,456/TD/2025,https://www.cercind.gov.in/2025/orders/456-TD-2025.pdf,2026-05-11T11:00:30.099652
7a885ce98c1fcfc1,425/MP/2025,https://www.cercind.gov.in/2025/orders/425-MP-2025.pdf,2026-05-11T11:00:33.031599
0d5f788088c8523f,373/MP/2023,https://www.cercind.gov.in/2025/orders/373-MP-2023.pdf,2026-05-11T11:00:35.511051
abd335ddfcf893a0,176/MP/2023,https://www.cercind.gov.in/2025/orders/176-MP-2023.pdf,2026-05-11T11:00:38.038572
332d34b072127e0e,19/MP/2023,https://www.cercind.gov.in/2025/orders/19-MP-2023.pdf,2026-05-11T11:00:40.108104
3fdc163885f3d39f,553/TD/2025,https://www.cercind.gov.in/2025/orders/553-TD-2025-F.pdf,2026-05-11T11:00:42.906374
7d44e775e04bcd03,494/TL/2024,https://www.cercind.gov.in/2025/orders/494-TL-2024.pdf,2026-05-11T11:00:46.640844
bdc763cb69fe4ea9,443/TD/2025,https://www.cercind.gov.in/2025/orders/443-TD-2025.pdf,2026-05-11T11:00:49.431866
f72486e325c56c4f,215/TT/2025,https://www.cercind.gov.in/2025/orders/215-TT-2025.pdf,2026-05-11T11:00:58.514246
830069af86d78b0a,187/TT/2025,https://www.cercind.gov.in/2025/orders/187-TT-2025.pdf,2026-05-11T11:01:06.709053
0f05ec5db457f7e5,65/MP/2024,https://www.cercind.gov.in/2025/orders/65-MP-2024.pdf,2026-05-11T11:01:12.582258
54cc9c48cecf5574,469/AT/2025,https://www.cercind.gov.in/2025/orders/469-AT-2025.pdf,2026-05-11T11:01:17.432276
7238b3698a932310,370/GT/2025,https://www.cercind.gov.in/2025/orders/370-GT-2025-I.pdf,2026-05-11T11:01:22.005790
a495bbdc3cf6af3a,7/TT/2023,https://www.cercind.gov.in/2025/orders/7-TT-2023.pdf,2026-05-11T11:01:29.540476
7798c00e3e5af66a,272/TT/2025,https://www.cercind.gov.in/2025/orders/272-TT-2025.pdf,2026-05-11T11:01:38.168531
bb12c8fb776401be,468/TL/2025,https://www.cercind.gov.in/2025/orders/468-TL-2025_I.pdf,2026-05-11T11:01:43.766700
c73492d22a32c5de,347/MP/2023,https://www.cercind.gov.in/2025/orders/347-MP-2023.pdf,2026-05-11T11:01:48.012396
710c46d35c01a4a1,186/MP/2021,https://www.cercind.gov.in/2025/orders/186-MP-2021.pdf,2026-05-11T11:01:50.899861
b87115d1a3844a3e,392/TT/2023,https://www.cercind.gov.in/2025/orders/392-TT-2023.pdf,2026-05-11T11:01:57.984584
bfbe922552e38371,10/RP/2024 in 391/GT/2020,https://www.cercind.gov.in/2025/orders/10-RP-2024.pdf,2026-05-11T11:02:01.691503
09b2480444b98929,78/TL/2025,https://www.cercind.gov.in/2025/orders/78-TL-2025-I.pdf,2026-05-11T11:02:07.088486
ec6b814a1e0a0f17,442/TL/2025,https://www.cercind.gov.in/2025/orders/442-TL-2025-F.pdf,2026-05-11T11:02:09.886829
a582c0f4b7aecdd8,434/AT/2025,https://www.cercind.gov.in/2025/orders/434-AT-2025.pdf,2026-05-11T11:02:14.798235
6e142b2a2249722e,433/TL/2025,https://www.cercind.gov.in/2025/orders/433-TL-2025_I.pdf,2026-05-11T11:02:19.391499
2c74779f1652be24,350/TL/2025,https://www.cercind.gov.in/2025/orders/350-TL-2025_F.pdf,2026-05-11T11:02:22.227336
64bc58c2ed1522b7,141/TT/2025,https://www.cercind.gov.in/2025/orders/141-TT-2025.pdf,2026-05-11T11:02:31.502849
68e66b782713f0b5,444/TL/2025,https://www.cercind.gov.in/2025/orders/444-TL-2025-F.pdf,2026-05-11T11:02:34.965778
0adf968cf26cc19d,633/MP/2020,https://www.cercind.gov.in/2025/orders/633-MP-2020.pdf,2026-05-11T11:02:37.337596
9d09ee73d74c2a2f,472/TL/2025,https://www.cercind.gov.in/2025/orders/472-TL-2025.pdf,2026-05-11T11:02:40.151704
b0cdd86b6b915c0b,466/TL/2025,https://www.cercind.gov.in/2025/orders/466-TL-2025.pdf,2026-05-11T11:02:43.695432
52f346b3b479459b,464/TL/2025,https://www.cercind.gov.in/2025/orders/464-TL-2025.pdf,2026-05-11T11:02:46.977073
2db23840de6efa98,463/TL/2025,https://www.cercind.gov.in/2025/orders/463-TL-2025.pdf,2026-05-11T11:02:50.013418
f5c26ce4923561a5,262/MP/2024,https://www.cercind.gov.in/2025/orders/262-MP-2024.pdf,2026-05-11T11:02:56.840489
ec89040c75d4e695,214/TT/2025,https://www.cercind.gov.in/2025/orders/214-TT-2025.pdf,2026-05-11T11:03:06.090514
10e5ed4ae0318eac,8/SM/2025,https://www.cercind.gov.in/2025/orders/8-SM-2025.pdf,2026-05-11T11:03:08.789818
9302c98ab63c759d,216/TT/2020 (On Remand),https://www.cercind.gov.in/2025/orders/216-TT-2020.pdf,2026-05-11T11:03:15.921145
b9c5e9255569a864,21/TT/2022,https://www.cercind.gov.in/2025/orders/21-TT-2022.pdf,2026-05-11T11:03:24.391998
c22eb9d78963088b,169/TT/2025,https://www.cercind.gov.in/2025/orders/169-TT-2025.pdf,2026-05-11T11:03:33.751502
544b08f9b0d15e7c,461/TT/2024,https://www.cercind.gov.in/2025/orders/461-TT-2024.pdf,2026-05-11T11:03:42.387321
df44186b04bb9cd6,45/TT/2023,https://www.cercind.gov.in/2025/orders/45-TT-2023.pdf,2026-05-11T11:03:52.247375
38c8cf96284d8074,173/TT/2021 with IA No. 92/2023 and 242/TT/2021 with IA No. 91/2023,https://www.cercind.gov.in/2025/orders/173-TT-2021.pdf,2026-05-11T11:04:00.815539
8fc688edd4375b03,447/TT/2024,https://www.cercind.gov.in/2025/orders/447-TT-2024.pdf,2026-05-11T11:04:08.372829
4bc97548ff9559c3,428/TL/2025,https://www.cercind.gov.in/2025/orders/428-TL-2025_I.pdf,2026-05-11T11:04:12.877758
11a4bcf57aab03d2,553/TD/2025,https://www.cercind.gov.in/2025/orders/553-TD-2025_I.pdf,2026-05-11T11:04:16.036768
60ebca87b00fc779,456/TD/2025,https://www.cercind.gov.in/2025/orders/456-TD-2025_I.pdf,2026-05-11T11:04:19.622319
82a1f2fae90f8dd9,193/TT/2025,https://www.cercind.gov.in/2025/orders/193-TT-2025.pdf,2026-05-11T11:04:28.062916
90556600a3056253,328/TT/2025,https://www.cercind.gov.in/2025/orders/328-TT-2025.pdf,2026-05-11T11:04:39.264812
39cd8f635fb91e5b,307/MP/2023,https://www.cercind.gov.in/2025/orders/307.pdf,2026-05-11T11:04:43.765316
4cf12e804ad1ae15,443/TD/2025,https://www.cercind.gov.in/2025/orders/443.pdf,2026-05-11T11:04:47.161724
5ce93b71613820fb,229/MP/2016 (On remand),https://www.cercind.gov.in/2025/orders/229-MP-2016.pdf,2026-05-11T11:04:52.566922
e9d6b4239c002e2c,220/MP/2023,https://www.cercind.gov.in/2025/orders/220-MP-2023.pdf,2026-05-11T11:04:54.702278
66543e3395404c6f,241/AT/2025,https://www.cercind.gov.in/2025/orders/241-AT-2025.pdf,2026-05-11T11:05:00.568824
f2681695311fff3e,06/SM/2025,https://www.cercind.gov.in/2025/orders/6-SM-2025.pdf,2026-05-11T11:05:10.903129
8a6fe1af3025dc6a,464/TT/2024,https://www.cercind.gov.in/2025/orders/464-TT-2024.pdf,2026-05-11T11:05:19.512713
54a0a13423fe5832,463/TT/2024,https://www.cercind.gov.in/2025/orders/463-TT-2024.pdf,2026-05-11T11:05:29.985303
070ef3cb163430a4,217/TT/2025,https://www.cercind.gov.in/2025/orders/217-TT-2025.pdf,2026-05-11T11:05:39.288174
a2e6a1e85577dee3,210/TT/2025,https://www.cercind.gov.in/2025/orders/210-TT-2025.pdf,2026-05-11T11:05:47.559156
5c889441ece21f20,461/AT/2025,https://www.cercind.gov.in/2025/orders/461-AT-2025.pdf,2026-05-11T11:05:51.971509
104c56983a972e15,460/TL/2025,https://www.cercind.gov.in/2025/orders/460-TL-2025_I.pdf,2026-05-11T11:05:56.895550
d2ace088cd8fb727,223/MP/2023 along with IA.No.53/2023,https://www.cercind.gov.in/2025/orders/223-MP-2023.pdf,2026-05-11T11:06:02.607298
d1e73024199b69bd,557/TD/2025,https://www.cercind.gov.in/2025/orders/557-TD-2025_I.pdf,2026-05-11T11:06:06.221934
45abff43c0d9184d,329/MP/2024,https://www.cercind.gov.in/2025/orders/329-MP-2024.pdf,2026-05-11T11:06:13.722280
c46f25a6571f9bda,71/MP/2021,https://www.cercind.gov.in/2025/orders/71-MP-2021.pdf,2026-05-11T11:06:18.232939
090f579937127c50,122/MP/2022,https://www.cercind.gov.in/2025/orders/122-MP-2022.pdf,2026-05-11T11:06:24.018566
0352e5524408ca73,462/AT/2025,https://www.cercind.gov.in/2025/orders/462-AT-2025.pdf,2026-05-11T11:06:28.225025
9100aa5db5a8be54,353/MP/2025,https://www.cercind.gov.in/2025/orders/353-MP-2025.pdf,2026-05-11T11:06:30.819533
ba985a2f1ae1bed2,126/MP/2024,https://www.cercind.gov.in/2025/orders/126-MP-2024.pdf,2026-05-11T11:06:36.685683
ceeece9ae499fea6,83/MP/2025,https://www.cercind.gov.in/2025/orders/83-MP-2025.pdf,2026-05-11T11:06:41.092093
a5bb8f11a607dc91,465/AT/2025,https://www.cercind.gov.in/2025/orders/465-AT-2025.pdf,2026-05-11T11:06:45.336146
7c04535f31cbb12c,349/AT/2025,https://www.cercind.gov.in/2025/orders/349-AT-2025.pdf,2026-05-11T11:06:49.931549
5eb75802fb0a30e0,33/TT/2023,https://www.cercind.gov.in/2025/orders/33-TT-2023.pdf,2026-05-11T11:06:58.950956
7a5992381a2ec19f,444/TL/2025,https://www.cercind.gov.in/2025/orders/444-TL-2025_I.pdf,2026-05-11T11:07:03.330097
3d8e486da9193ab0,442/TL/2025,https://www.cercind.gov.in/2025/orders/442-TL-2025-I.pdf,2026-05-11T11:07:07.034683
05d655e972f08ead,352/TL/2025,https://www.cercind.gov.in/2025/orders/352-TL-2025_F.pdf,2026-05-11T11:07:10.701135
4450e138724a850d,300/TL/2025,https://www.cercind.gov.in/2025/orders/300-TL-2025_F.pdf,2026-05-11T11:07:14.095794
ffb725667a9aabe1,473/AT/2025,https://www.cercind.gov.in/2025/orders/473-AT-2025.pdf,2026-05-11T11:07:18.316419
c9b3be413d06c5e0,471/AT/2025,https://www.cercind.gov.in/2025/orders/471-AT-2025.pdf,2026-05-11T11:07:22.886782
772148ebf2b52af4,470/TL/2025,https://www.cercind.gov.in/2025/orders/470-TL-2025_I.pdf,2026-05-11T11:07:27.605058
460b87440437829f,467/AT/2025,https://www.cercind.gov.in/2025/orders/467-AT-2025.pdf,2026-05-11T11:07:32.409218
8363c9e9bae70b95,381/TT/2025,https://www.cercind.gov.in/2025/orders/381-TT-2025.pdf,2026-05-11T11:07:40.475234
b8b58f13fc440bc0,472/TL/2025,https://www.cercind.gov.in/2025/orders/472-TL-2025_I.pdf,2026-05-11T11:07:45.312852
3ca5239a743cadce,466/TL/2025,https://www.cercind.gov.in/2025/orders/466-TL-2025_I.pdf,2026-05-11T11:07:50.381956
0ba4fb2368809605,464/TL/2025,https://www.cercind.gov.in/2025/orders/464-TL-2025_I.pdf,2026-05-11T11:07:55.156117
92513542ea82f740,463/TL/2025,https://www.cercind.gov.in/2025/orders/463-TL-2025_I.pdf,2026-05-11T11:07:59.828023
dbab8ba6e054a57c,453/MP/2025 along with 39/IA/2025 and 455/MP/2025 along with 41/IA/2025,https://www.cercind.gov.in/2025/orders/453-MP-2025.pdf,2026-05-11T11:08:03.719928
65b5a63661b823b3,251/TL/2025,https://www.cercind.gov.in/2025/orders/251-TL-2025-F.pdf,2026-05-11T11:08:07.036334
7694c8e606ef43a4,168/MP/2019 (On remand),https://www.cercind.gov.in/2025/orders/168-MP-2019.pdf,2026-05-11T11:08:11.615311
8649c553f46c7943,344/MP/2020,https://www.cercind.gov.in/2025/orders/344-MP-2020.pdf,2026-05-11T11:08:16.529701
f39fd9c20781b794,101/MP/2017 (On remand),https://www.cercind.gov.in/2025/orders/101-MP-2017.pdf,2026-05-11T11:08:22.533969
aed4b7c252741461,150/TT/2024,https://www.cercind.gov.in/2025/orders/150-TT-2024.pdf,2026-05-11T11:08:30.748106
48ed538474648d44,350/TL/2025,https://www.cercind.gov.in/2025/orders/350-TL-2025_I.pdf,2026-05-11T11:08:36.052721
ec237cd313a0d987,382/MP/2023,https://www.cercind.gov.in/2025/orders/382-MP-2023.pdf,2026-05-11T11:08:41.442631
4c1fd5864a789f29,182/TT/2024,https://www.cercind.gov.in/2025/orders/182-TT-2024.pdf,2026-05-11T11:08:49.770484
ade096d39c1c7db6,13/MP/2024 and 39/MP/2024,https://www.cercind.gov.in/2025/orders/13-MP-2024_ors.pdf,2026-05-11T11:08:56.825407
b69730b22b1e59fb,87/AT/2025,https://www.cercind.gov.in/2025/orders/87-AT-2025.pdf,2026-05-11T11:09:02.365462
c4f9d0570e09b77c,240/AT/2025,https://www.cercind.gov.in/2025/orders/240-AT-2025.pdf,2026-05-11T11:09:07.851364
095030fee05a6a79,148/MP/2024,https://www.cercind.gov.in/2025/orders/148-MP-2024.pdf,2026-05-11T11:09:12.021277
faae337b292d11ea,86/AT/2025,https://www.cercind.gov.in/2025/orders/86-AT-2025.pdf,2026-05-11T11:09:17.258669
80654200ef2bb31e,20/RP/2023 in 698/GT/2020,https://www.cercind.gov.in/2025/orders/20-RP-2023.pdf,2026-05-11T11:09:22.881729
c82a7fbdcb284c08,630/MP/2025,https://www.cercind.gov.in/2025/orders/630-MP-2025.pdf,2026-05-11T11:09:25.260152
c24d09fed3e6cc56,Corrigendum to 181/GT/2019,https://www.cercind.gov.in/2025/orders/Corri-181-GT-2019.pdf,2026-05-11T11:09:28.698458
f96b7c1de3d3b5fb,9/TT/2023,https://www.cercind.gov.in/2025/orders/9-TT-2023.pdf,2026-05-11T11:09:37.963829
f457a0636aada349,253/MP/2024,https://www.cercind.gov.in/2025/orders/253-MP-2024.pdf,2026-05-11T11:09:41.659974
c1e6e5af4e01993c,276/MP/2024,https://www.cercind.gov.in/2025/orders/276-MP-2024.pdf,2026-05-11T11:09:50.125563
24f21c6614a38ffb,242/AT/2025,https://www.cercind.gov.in/2025/orders/242-AT-2025.pdf,2026-05-11T11:09:54.746431
3c6fb9f89e255799,309/MP/2025,https://www.cercind.gov.in/2025/orders/309-MP-2025.pdf,2026-05-11T11:09:58.814985
cd0d13e637a950cf,237/TL/2025,https://www.cercind.gov.in/2025/orders/237-TL-2025.pdf,2026-05-11T11:10:02.675156
c2a62a6e4aef699c,362/TD/2025,https://www.cercind.gov.in/2025/orders/362-TD-2025.pdf,2026-05-11T11:10:05.138359
b25b99457a8ad9a4,252/TL/2025,https://www.cercind.gov.in/2025/orders/252-TL-2025.pdf,2026-05-11T11:10:08.320272
0a46332cf36aec40,12/RP/2024 in 391/GT/2020,https://www.cercind.gov.in/2025/orders/12-RP-2024.pdf,2026-05-11T11:10:12.564560
5ae1aea7e0d54229,247/TL/2025,https://www.cercind.gov.in/2025/orders/247-TL-2025.pdf,2026-05-11T11:10:16.213307
4612d91bd6f0424c,424/TL/2024,https://www.cercind.gov.in/2025/orders/424-TL-2024.pdf,2026-05-11T11:10:19.670065
107ea1d3b014d848,87/MP/2024,https://www.cercind.gov.in/2025/orders/87-MP-2024.pdf,2026-05-11T11:10:23.855010
3c223a2621e11ea0,187/TT/2024,https://www.cercind.gov.in/2025/orders/187-TT-2024.pdf,2026-05-11T11:10:31.625479
616006a9073bc205,324/TT/2023,https://www.cercind.gov.in/2025/orders/324-TT-2023.pdf,2026-05-11T11:10:38.808424
e1341316b4049bd7,153/MP/2021,https://www.cercind.gov.in/2025/orders/153-MP-2021.pdf,2026-05-11T11:10:42.999694
602eaaab4fb85cc0,185/TT/2024,https://www.cercind.gov.in/2025/orders/185-TT-2024.pdf,2026-05-11T11:10:51.057686
ae3f313e9167a299,88/AT/2025,https://www.cercind.gov.in/2025/orders/88-AT-2025.pdf,2026-05-11T11:10:56.975262
a57892c2094e75d6,351/AT/2025,https://www.cercind.gov.in/2025/orders/351-AT-2025.pdf,2026-05-11T11:11:01.432544
a170887f38949ec4,500/MP/2024,https://www.cercind.gov.in/2025/orders/500-MP-2024.pdf,2026-05-11T11:11:06.011675
ec0713b70e05f58d,439/MP/2024,https://www.cercind.gov.in/2025/orders/439-MP-2024.pdf,2026-05-11T11:11:10.649190
a3a193962c066fca,311/MP/2025,https://www.cercind.gov.in/2025/orders/311-MP-2025.pdf,2026-05-11T11:11:14.424737
08c6faacfd69eef3,21/TT/2025,https://www.cercind.gov.in/2025/orders/21-TT-2025.pdf,2026-05-11T11:11:17.391854
58aa75ad35be7c2f,243/AT/2025,https://www.cercind.gov.in/2025/orders/243-AT-2025.pdf,2026-05-11T11:11:25.141574
5e253399d3111ee0,198/TT/2025,https://www.cercind.gov.in/2025/orders/198-TT-2025.pdf,2026-05-11T11:11:33.823285
8d453e9798c94d13,265/MP/2021,https://www.cercind.gov.in/2025/orders/265-MP-2021.pdf,2026-05-11T11:11:40.977835
19ce487a24c2ce9b,183/TT/2024,https://www.cercind.gov.in/2025/orders/183-TT-2024.pdf,2026-05-11T11:11:49.148997
74d79015d98d15d4,352/TL/2025,https://www.cercind.gov.in/2025/orders/352-TL-2025_I.pdf,2026-05-11T11:11:53.939257
f2b6c05041d6f6c1,246/MP/2024,https://www.cercind.gov.in/2025/orders/246-MP-2024.pdf,2026-05-11T11:11:59.153369
41133de933cea1d9,140/MP/2024,https://www.cercind.gov.in/2025/orders/140-MP-2024.pdf,2026-05-11T11:12:01.627729
ae2b53f961f97089,124/MP/2017,https://www.cercind.gov.in/2025/orders/124-MP-2017.pdf,2026-05-11T11:12:04.449914
910a54d019802f19,319/MP/2025,https://www.cercind.gov.in/2025/orders/319-MP-2025.pdf,2026-05-11T11:12:07.464610
25a95d6674674611,300/TL/2025,https://www.cercind.gov.in/2025/orders/300-TL-2025_I.pdf,2026-05-11T11:12:12.333470
07dd16d6caa6d247,299/AT/2025,https://www.cercind.gov.in/2025/orders/299-AT-2025.pdf,2026-05-11T11:12:16.386495
ff178a8560818301,253/AT/2025,https://www.cercind.gov.in/2025/orders/253-AT-2025.pdf,2026-05-11T11:12:21.399461
764ce24d5138552a,251/TL/2025,https://www.cercind.gov.in/2025/orders/251-TL-2025-I.pdf,2026-05-11T11:12:26.433089
f8c43190beb3ee60,250/AT/2025,https://www.cercind.gov.in/2025/orders/250-AT-2025.pdf,2026-05-11T11:12:31.066471
237411b560c7c5f0,66/MP/2023,https://www.cercind.gov.in/2025/orders/66-MP-2023.pdf,2026-05-11T11:12:34.156923
32557ad44df74ae5,391/TT/2025,https://www.cercind.gov.in/2025/orders/391-TT-2025.pdf,2026-05-11T11:12:44.378921
98717525344c449f,309/TT/2023 alongwith I.A. No. 87/2023,https://www.cercind.gov.in/2025/orders/309-TT-2023.pdf,2026-05-11T11:12:51.711121
8cd77e108726b6be,86/TT/2024,https://www.cercind.gov.in/2025/orders/86-TT-2024.pdf,2026-05-11T11:13:00.602398
130a5fd21a94edfd,371/MP/2022,https://www.cercind.gov.in/2025/orders/371-MP-2022.pdf,2026-05-11T11:13:07.232252
ef422f739a12c6fc,494/TL/2024,https://www.cercind.gov.in/2025/orders/494-TL-2024_I.pdf,2026-05-11T11:13:12.894240
6aa2c80b476af795,493/AT/2024,https://www.cercind.gov.in/2025/orders/493-AT-2024.pdf,2026-05-11T11:13:18.005185
bc64a3268bb4a7b5,237/TL/2025,https://www.cercind.gov.in/2025/orders/237-TL-2025-I.pdf,2026-05-11T11:13:23.237782
ab89bd3f64ab7393,236/AT/2025,https://www.cercind.gov.in/2025/orders/236-AT-2025.pdf,2026-05-11T11:13:28.448979
c59d2978f41368c0,326/TT/2023,https://www.cercind.gov.in/2025/orders/326-TT-2023.pdf,2026-05-11T11:13:37.085962
e380bdc391173bb0,252/TL/2025,https://www.cercind.gov.in/2025/orders/252-TL-2025-I.pdf,2026-05-11T11:13:42.784173
3a617ab178b8491b,362/TD/2025,https://www.cercind.gov.in/2025/orders/362-TD-2025_I.pdf,2026-05-11T11:13:46.224236
6cb7438594af9d9b,161/MP/2022,https://www.cercind.gov.in/2025/orders/161-MP-2022.pdf,2026-05-11T11:13:54.060347
1c1cc8586c4d0b36,205/TT/2025,https://www.cercind.gov.in/2025/orders/205-TT-2025.pdf,2026-05-11T11:14:02.887891
414f47ec00fdbb7a,57/TT/2025,https://www.cercind.gov.in/2025/orders/57-TT-2025.pdf,2026-05-11T11:14:12.678528
ec64c47861496dc3,263/MP/2023,https://www.cercind.gov.in/2025/orders/263-MP-2023.pdf,2026-05-11T11:14:19.162815
e5cb9ee4f4f7b630,62/AT/2025,https://www.cercind.gov.in/2025/orders/62-AT-2025.pdf,2026-05-11T11:14:24.891124
c3f4e089a56a32e0,"306/MP/2022 With IA Nos. 20/2023, 85/2023 & 16/2024",https://www.cercind.gov.in/2025/orders/306-MP-2022.pdf,2026-05-11T11:14:31.909148
9497ee2ed46e5296,246/AT/2025,https://www.cercind.gov.in/2025/orders/246-AT-2025.pdf,2026-05-11T11:14:34.274427
11499a8090c52f7d,247/TL/2025,https://www.cercind.gov.in/2025/orders/247-TL-2025_I.pdf,2026-05-11T11:14:38.935361
fef7fd6f9095f5bd,248/AT/2025,https://www.cercind.gov.in/2025/orders/248-AT-2025.pdf,2026-05-11T11:14:42.933367
b0f6c28f3bdf7f09,322/TL/2024,https://www.cercind.gov.in/2025/orders/322-TL-2024_I.pdf,2026-05-11T11:14:49.092795
2d58c1852425b013,319/AT/2024,https://www.cercind.gov.in/2025/orders/319-AT-2024.pdf,2026-05-11T11:14:53.719191
f8374ae9bb575af8,19/TT/2025,https://www.cercind.gov.in/2025/orders/19-TT-2025.pdf,2026-05-11T11:15:03.431397
40a7f0c6f1b77035,17/TT/2025,https://www.cercind.gov.in/2025/orders/17-TT-2025.pdf,2026-05-11T11:15:12.743107
26edbef843224acd,187/MP/2022 along with 70/IA/2022,https://www.cercind.gov.in/2025/orders/187-MP-2022.pdf,2026-05-11T11:15:20.699310
1a553162100e1107,353/TT/2023,https://www.cercind.gov.in/2025/orders/353-TT-2023.pdf,2026-05-11T11:15:28.750254
50b9a518f7a56975,498/TD/2024,https://www.cercind.gov.in/2025/orders/498-TD-2024.pdf,2026-05-11T11:15:31.637680
5a97688a9a50a20f,174/MP/2024,https://www.cercind.gov.in/2025/orders/174-MP-2024.pdf,2026-05-11T11:15:34.149110
29db93a1a8efa83f,184/TT/2025,https://www.cercind.gov.in/2025/orders/184-TT-2025.pdf,2026-05-11T11:15:44.491784
632dfdca36339d2c,281/GT/2020,https://www.cercind.gov.in/2025/orders/281-GT-2020.pdf,2026-05-11T11:15:55.350152
5972adaf5833cd55,457/TT/2024,https://www.cercind.gov.in/2025/orders/457-TT-2024.pdf,2026-05-11T11:16:03.968938
b819df194611db19,132/TT/2023,https://www.cercind.gov.in/2025/orders/132-TT-2023.pdf,2026-05-11T11:16:14.531540
5f7349ec1ee2e856,85/TT/2025,https://www.cercind.gov.in/2025/orders/85.pdf,2026-05-11T11:16:23.842585
c058f8a9d0c9d559,132/TT/2025,https://www.cercind.gov.in/2025/orders/132.pdf,2026-05-11T11:16:32.425190
c9c585f2399cb85e,89/MP/2024,https://www.cercind.gov.in/2025/orders/89.pdf,2026-05-11T11:16:40.728084
3d526501e8ddc6a9,73/TT/2024,https://www.cercind.gov.in/2025/orders/73-TT-2024.pdf,2026-05-11T11:16:50.419233
61c28f71111715c2,6/TT/2025,https://www.cercind.gov.in/2025/orders/6-TT-2025.pdf,2026-05-11T11:16:59.648274
346667fa64798fa9,175/TL/2025,https://www.cercind.gov.in/2025/orders/175-TL-2025.pdf,2026-05-11T11:17:03.175767
868919b91347de72,63/TL/2025,https://www.cercind.gov.in/2025/orders/63-TL-2025.pdf,2026-05-11T11:17:06.787565
e5182d5504c3955c,8/SM/2024,https://www.cercind.gov.in/2025/orders/8-SM-2024.pdf,2026-05-11T11:17:11.208645
fa14b52d216c2683,297/TD/2025,https://www.cercind.gov.in/2025/orders/297-TD-2025.pdf,2026-05-11T11:17:14.165376
3739dd8be3cfc9a0,313/TD/2025,https://www.cercind.gov.in/2025/orders/313-TD-2025-F.pdf,2026-05-11T11:17:16.832540
3cb0db40e0bd1d08,298/TL/2025,https://www.cercind.gov.in/2025/orders/298-TL-2025.pdf,2026-05-11T11:17:19.673680
94b026ec35c80be7,518/RC/2024,https://www.cercind.gov.in/2025/orders/518-RC-2024.pdf,2026-05-11T11:17:22.343170
b4af73e2d3272b47,460/TT/2024,https://www.cercind.gov.in/2025/orders/460-TT-2024.pdf,2026-05-11T11:17:32.577309
eff7c8ad8eba937b,176/AT/2025,https://www.cercind.gov.in/2025/orders/176-AT-2025.pdf,2026-05-11T11:17:38.023525
168f6ca401884c78,1/TT/2022,https://www.cercind.gov.in/2025/orders/1-TT-2022.pdf,2026-05-11T11:17:46.414375
d01f387f2cc883ec,Corrigendum to 94/TT/2024,https://www.cercind.gov.in/2025/orders/Corri-94-TT-2024.pdf,2026-05-11T11:17:48.685881
a929d6026c4dd304,131/MP/2024,https://www.cercind.gov.in/2025/orders/131-MP-2024.pdf,2026-05-11T11:17:55.703290
0138e2cf6e131843,202/MP/2024,https://www.cercind.gov.in/2025/orders/202-MP-2024.pdf,2026-05-11T11:18:00.737933
0412380e154f06fd,11/RP/2024 in 23/GT/2017,https://www.cercind.gov.in/2025/orders/11-RP-2024.pdf,2026-05-11T11:18:06.083524
2a273a302ad420db,Corrigendum to 349/TT/2023,https://www.cercind.gov.in/2025/orders/Corri-349-TT-2023.pdf,2026-05-11T11:18:08.364817
925bf4751030128f,35/TT/2025,https://www.cercind.gov.in/2025/orders/35-TT-2025.pdf,2026-05-11T11:18:18.606354
f09c6a3200a10d24,5/SM/2025,https://www.cercind.gov.in/2025/orders/5-SM-2025.pdf,2026-05-11T11:18:20.620016
02e6361e9176845a,Corrigendum to 323/TT/2023,https://www.cercind.gov.in/2025/orders/Corri-323-TT-2023.pdf,2026-05-11T11:18:22.384565
b17b64cf23aeea7a,459/TT/2024,https://www.cercind.gov.in/2025/orders/459-TT-2024.pdf,2026-05-11T11:18:31.491239
1df39a62d641ccc8,297/TD/2025,https://www.cercind.gov.in/2025/orders/297-TD-2025-I.pdf,2026-05-11T11:18:34.760349
86022038aca2e8ba,136/TT/2025,https://www.cercind.gov.in/2025/orders/136-TT-2025.pdf,2026-05-11T11:18:46.108666
5702b910b659be98,289/TT/2025,https://www.cercind.gov.in/2025/orders/289-TT-2025.pdf,2026-05-11T11:18:54.518725
6aa503ae4bebd6df,298/TL/2025,https://www.cercind.gov.in/2025/orders/298-TL-2025_I.pdf,2026-05-11T11:18:58.981801
efc42a02e5f5a4f0,175/TL/2025,https://www.cercind.gov.in/2025/orders/175-TL-2025_I.pdf,2026-05-11T11:19:04.330382
157a8a837eed7c25,313/TD/2025,https://www.cercind.gov.in/2025/orders/313-TD-2025-I.pdf,2026-05-11T11:19:07.319833
5082d66016b87263,394/MP/2025,https://www.cercind.gov.in/2025/orders/394-MP-2025.pdf,2026-05-11T11:19:10.651386
c499bcc25f63e8a0,292/TT/2025,https://www.cercind.gov.in/2025/orders/292-TT-2025.pdf,2026-05-11T11:19:15.319688
fcbc2cd8c4879543,33/TT/2025,https://www.cercind.gov.in/2025/orders/33-TT-2025.pdf,2026-05-11T11:19:24.156287
4c47feadac50b9dd,418/MP/2024,https://www.cercind.gov.in/2025/orders/418-MP-2024.pdf,2026-05-11T11:19:28.794848
0dbcda06288d5541,376/GT/2020,https://www.cercind.gov.in/2025/orders/376-GT-2020.pdf,2026-05-11T11:19:38.795320
73c37e172b8a2d9f,295/TT/2025,https://www.cercind.gov.in/2025/orders/295-TT-2025.pdf,2026-05-11T11:19:46.661683
054b6d0c977ceedc,34/TT/2025,https://www.cercind.gov.in/2025/orders/34-TT-2025.pdf,2026-05-11T11:19:55.168262
dcf9c93328e84b3c,207/TT/2025,https://www.cercind.gov.in/2025/orders/207-TT-2025.pdf,2026-05-11T11:20:04.416121
571e88c66785218c,285/TT/2025,https://www.cercind.gov.in/2025/orders/285-TT-2025.pdf,2026-05-11T11:20:16.081364
624fdb997dc098e6,29/TT/2025,https://www.cercind.gov.in/2025/orders/29-TT-2025.pdf,2026-05-11T11:20:25.619642
3ab16ba55fd11995,107/TT/2025,https://www.cercind.gov.in/2025/orders/107-TT-2025.pdf,2026-05-11T11:20:34.931868
ba0ac939d26db22a,152/MP/2024,https://www.cercind.gov.in/2025/orders/152-MP-2024.pdf,2026-05-11T11:20:39.398945
4b48a28d12ba6bc3,294/TT/2025,https://www.cercind.gov.in/2025/orders/294-TT-2025.pdf,2026-05-11T11:20:47.616360
f688f7ad06f88af8,286/TT/2025,https://www.cercind.gov.in/2025/orders/286-TT-2025.pdf,2026-05-11T11:20:53.793649
1c81fdc32a8508c2,3/TT/2025,https://www.cercind.gov.in/2025/orders/3-TT-2025.pdf,2026-05-11T11:21:03.246559
8eae84a60c1834b5,357/MP/2023 66/GT/2024,https://www.cercind.gov.in/2025/orders/357-MP-2023-66-GT-2024.pdf,2026-05-11T11:21:12.293896
de8955883b948aee,305/MP/2024 along with IA No. 76/2024 306/MP/2024 along with IA No. 77/2024,https://www.cercind.gov.in/2025/orders/305-306-MP-2024.pdf,2026-05-11T11:21:18.756731
29d169b5b65aafce,333/MP/2024 along with IA 82/2024,https://www.cercind.gov.in/2025/orders/333-MP-2024.pdf,2026-05-11T11:21:25.094368
91c46e828033c99c,497/MP/2024,https://www.cercind.gov.in/2025/orders/497-MP-2024.pdf,2026-05-11T11:21:28.243713
b80912811046d9fa,361/RC/2025,https://www.cercind.gov.in/2025/orders/361-RC-2025.pdf,2026-05-11T11:21:31.311445
6a0f5aa030656771,306/RC/2025,https://www.cercind.gov.in/2025/orders/306-RC-2025.pdf,2026-05-11T11:21:33.609447
1753553d19a82634,181/TT/2025,https://www.cercind.gov.in/2025/orders/181-TT-2025.pdf,2026-05-11T11:21:41.073469
ae48b92963fd6b44,274/TT/2025,https://www.cercind.gov.in/2025/orders/274-TT-2025.pdf,2026-05-11T11:21:50.027613
c607cd8da7bb604d,291/TT/2025,https://www.cercind.gov.in/2025/orders/291-TT-2025.pdf,2026-05-11T11:21:56.382077
88343d253f009e5c,83/MP/2024,https://www.cercind.gov.in/2025/orders/83-MP-2024.pdf,2026-05-11T11:22:04.005789
95f80fa77ac4f8c4,9/RP/2015 in 68/MP/2013,https://www.cercind.gov.in/2025/orders/9-RP-2015.pdf,2026-05-11T11:22:10.938310
66dcdf88efebf00f,2/SM/2025,https://www.cercind.gov.in/2025/orders/2-SM-2025.pdf,2026-05-11T11:22:17.656065
99eb9af793041711,468/TT/2024,https://www.cercind.gov.in/2025/orders/468-TT-2024.pdf,2026-05-11T11:22:25.194112
3a9cec83aced4407,372/MP/2023,https://www.cercind.gov.in/2025/orders/372-MP-2023.pdf,2026-05-11T11:22:33.805360
14eb299f5c374ee4,455/TT/2024,https://www.cercind.gov.in/2025/orders/455-TT-2024.pdf,2026-05-11T11:22:41.932903
78a30477242d8b60,"282/MP/2024, along with IA.No.70/2024",https://www.cercind.gov.in/2025/orders/282-MP-2024.pdf,2026-05-11T11:22:47.031462
2dcd252025d9e403,288/TT/2025,https://www.cercind.gov.in/2025/orders/288-TT-2025.pdf,2026-05-11T11:22:54.500456
1f49f8c7a4076c2c,287/TT/2025,https://www.cercind.gov.in/2025/orders/287-TT-2025.pdf,2026-05-11T11:23:04.095031
2f80e43ec45b53cf,222/TT/2025,https://www.cercind.gov.in/2025/orders/222-TT-2025.pdf,2026-05-11T11:23:13.414143
9fde3c84743be256,103/TT/2025,https://www.cercind.gov.in/2025/orders/103-TT-2025.pdf,2026-05-11T11:23:23.159900
1d6b31165883c86b,293/TT/2025,https://www.cercind.gov.in/2025/orders/293-TT-2025.pdf,2026-05-11T11:23:31.014679
cce5b5347b241c54,290/TT/2025,https://www.cercind.gov.in/2025/orders/290-TT-2025.pdf,2026-05-11T11:23:38.601488
b970b365db22584c,361/GT/2020,https://www.cercind.gov.in/2025/orders/361-GT-2020.pdf,2026-05-11T11:23:48.643011
400f9788d0314b66,465/TT/2024,https://www.cercind.gov.in/2025/orders/465-TT-2024.pdf,2026-05-11T11:23:56.433012
297a0def58c988a7,487/TL/2024,https://www.cercind.gov.in/2025/orders/487-TL-2024.pdf,2026-05-11T11:24:00.429401
fb26edf29a6442c0,471/TT/2024,https://www.cercind.gov.in/2025/orders/471-TT-2024.pdf,2026-05-11T11:24:07.877007
7f25b8ebb958d77d,470/TT/2024,https://www.cercind.gov.in/2025/orders/470-TT-2024.pdf,2026-05-11T11:24:15.409188
efaf30f541c82998,69/TL/2025,https://www.cercind.gov.in/2025/orders/69-TL-2025.pdf,2026-05-11T11:24:19.523176
d6e9580ad08e3b1a,71/TL/2025,https://www.cercind.gov.in/2025/orders/71-TL-2025.pdf,2026-05-11T11:24:23.341997
df768347647d93a7,498/TD/2024,https://www.cercind.gov.in/2025/orders/498-TD-2024_I.pdf,2026-05-11T11:24:26.936085
44bfd27e8776d162,507/TL/2024,https://www.cercind.gov.in/2025/orders/507-TL-2024.pdf,2026-05-11T11:24:30.019678
85593358fd741d41,509/TL/2024,https://www.cercind.gov.in/2025/orders/509-TL-2024.pdf,2026-05-11T11:24:33.147588
d85d59b78f39012d,89/MP/2025,https://www.cercind.gov.in/2025/orders/89-MP-2025.pdf,2026-05-11T11:24:36.406813
d870ddbb61833eed,122/TT/2025,https://www.cercind.gov.in/2025/orders/122-TT-2025.pdf,2026-05-11T11:24:45.504445
0d90ce65ca4600a1,16/RP/2023 in 392/GT/2020,https://www.cercind.gov.in/2025/orders/16-RP-2023.pdf,2026-05-11T11:24:51.031203
4c14d8deb56c39eb,29/RP/2023 in 441/GT/2020,https://www.cercind.gov.in/2025/orders/29-RP-2023.pdf,2026-05-11T11:24:56.106472
4986599f8af85eb8,491/TL/2024,https://www.cercind.gov.in/2025/orders/491-TL-2024.pdf,2026-05-11T11:24:59.649884
3ef3206426712c65,377/MP/2023,https://www.cercind.gov.in/2025/orders/377-MP-2023.pdf,2026-05-11T11:25:05.950489
9c3084f60d839cc4,129/MP/2024,https://www.cercind.gov.in/2025/orders/129-MP-2024.pdf,2026-05-11T11:25:09.438789
8d6e27856ffc2e38,275/MP/2024 along with IA 64/2024,https://www.cercind.gov.in/2025/orders/275-MP-2024.pdf,2026-05-11T11:25:14.630352
e52137c13b59f375,196/MP/2024,https://www.cercind.gov.in/2025/orders/196-MP-2024.pdf,2026-05-11T11:25:17.757539
5676ddd7d43c71b7,452/TT/2024,https://www.cercind.gov.in/2025/orders/452-TT-2024.pdf,2026-05-11T11:25:26.778646
7d7238a0552f5b57,472/TT/2024,https://www.cercind.gov.in/2025/orders/472-TT-2024.pdf,2026-05-11T11:25:33.789816
1115d87c799acb6b,429/MP/2024,https://www.cercind.gov.in/2025/orders/429-MP-2024.pdf,2026-05-11T11:25:38.751313
839a9788f98a3f60,205/MP/2022,https://www.cercind.gov.in/2025/orders/205-MP-2022.pdf,2026-05-11T11:25:46.449009
3062ad1c45b7b64a,346/GT/2023,https://www.cercind.gov.in/2025/orders/346-GT-2023.pdf,2026-05-11T11:25:54.180122
950e4cae16e6dc88,134/TT/2025,https://www.cercind.gov.in/2025/orders/134-TT-2025.pdf,2026-05-11T11:26:01.571966
4e6655b4814ec097,213/TT/2025,https://www.cercind.gov.in/2025/orders/213-TT-2025.pdf,2026-05-11T11:26:11.286138
21d03d0e3a34a466,402/AT/2024,https://www.cercind.gov.in/2025/orders/402-AT-2024.pdf,2026-05-11T11:26:16.729288
40ea9960fad0071b,175/GT/2024,https://www.cercind.gov.in/2025/orders/175-GT-2024.pdf,2026-05-11T11:26:22.984548
60c43795cc218f8b,224/TT/2025,https://www.cercind.gov.in/2025/orders/224-TT-2025.pdf,2026-05-11T11:26:32.345472
d0892cb829ff00b0,338/MP/2022 Alongwith I.A. No. 57/2023,https://www.cercind.gov.in/2025/orders/338-MP-2022.pdf,2026-05-11T11:26:40.229596
0694c8a63953dfed,326/MP/2025,https://www.cercind.gov.in/2025/orders/326-MP-2025.pdf,2026-05-11T11:26:42.687302
ad74949e280d8e76,473/TT/2024,https://www.cercind.gov.in/2025/orders/473-TT-2024.pdf,2026-05-11T11:26:51.127167
a054871ee1f5baee,158/TT/2025,https://www.cercind.gov.in/2025/orders/158-TT-2025.pdf,2026-05-11T11:27:01.093884
df0cd8a671f702df,2/TT/2025,https://www.cercind.gov.in/2025/orders/2-TT-2025.pdf,2026-05-11T11:27:10.320852
7dec7ecdde32b1ab,179/MP/2016,https://www.cercind.gov.in/2025/orders/179-MP-2016.pdf,2026-05-11T11:27:17.160535
9e7cc23e1eda4afa,64/AT/2025,https://www.cercind.gov.in/2025/orders/64-AT-2025.pdf,2026-05-11T11:27:21.827299
4214fab8adb0ae0c,6/RP/2024 in 223/GT/2021,https://www.cercind.gov.in/2025/orders/6-RP-2024.pdf,2026-05-11T11:27:27.768989
2ae469b02a5ae83f,118/TT/2025,https://www.cercind.gov.in/2025/orders/118-TT-2025.pdf,2026-05-11T11:27:35.825960
f46c115b7f813bf0,63/TL/2025,https://www.cercind.gov.in/2025/orders/63-TL-2025_I.pdf,2026-05-11T11:27:41.350436
f60eaf0ca8ae5344,451/TT/2024,https://www.cercind.gov.in/2025/orders/451-TT-2024.pdf,2026-05-11T11:27:49.912305
8f243e3088405eff,506/MP/2024,https://www.cercind.gov.in/2025/orders/506-MP-2024.pdf,2026-05-11T11:27:52.621120
8eb03df87e8cd038,489/TL/2024,https://www.cercind.gov.in/2025/orders/489-TL-2024.pdf,2026-05-11T11:27:55.867172
4aa6addca5f4b214,361/TT/2018 and 93/TT/2020 (Remand back from APTEL),https://www.cercind.gov.in/2025/orders/361-TT-2018.pdf,2026-05-11T11:28:01.956320
7448f3fa6dee3966,38/MP/2023,https://www.cercind.gov.in/2025/orders/38-MP-2023.pdf,2026-05-11T11:28:08.916308
b05b79e509dea898,227/TT/2025,https://www.cercind.gov.in/2025/orders/227-TT-2025.pdf,2026-05-11T11:28:18.475107
3debc5845b61f81d,148/TT/2025,https://www.cercind.gov.in/2025/orders/148-TT-2025.pdf,2026-05-11T11:28:27.735302
8e53e1fcb7b4244a,138/TT/2025,https://www.cercind.gov.in/2025/orders/138-TT-2025.pdf,2026-05-11T11:28:35.227142
d7757068dd67258b,125/TT/2025,https://www.cercind.gov.in/2025/orders/125-TT-2025.pdf,2026-05-11T11:28:43.617696
33c62934a122dcc2,404/AT/2024,https://www.cercind.gov.in/2025/orders/404-AT-2024.pdf,2026-05-11T11:28:49.257551
4c5b085341a7d890,174/MP/2025,https://www.cercind.gov.in/2025/orders/174-MP-2025.pdf,2026-05-11T11:28:51.932768
2ba58b26c95ec9ca,264/MP/2024,https://www.cercind.gov.in/2025/orders/264-MP-2024.pdf,2026-05-11T11:28:55.120221
d0f3250d5590ab7e,111/TT/2025,https://www.cercind.gov.in/2025/orders/111-TT-2025.pdf,2026-05-11T11:29:03.944515
7d7df7008ee7265b,223/TT/2025,https://www.cercind.gov.in/2025/orders/223-TT-2025.pdf,2026-05-11T11:29:11.313140
9fa2455bf3c6117f,366/AT/2024,https://www.cercind.gov.in/2025/orders/366-AT-2024.pdf,2026-05-11T11:29:19.316074
3f66049d079d9f64,486/TL/2024,https://www.cercind.gov.in/2025/orders/486-TL-2024.pdf,2026-05-11T11:29:22.896577
909ef069ad073e0c,237/MP/2023,https://www.cercind.gov.in/2025/orders/237-MP-2023.pdf,2026-05-11T11:29:27.620193
ee84b706d4433028,508/AT/2024,https://www.cercind.gov.in/2025/orders/508-AT-2024.pdf,2026-05-11T11:29:33.061907
3a1cae8560fc9067,125/MP/2024 with IA 21/2024,https://www.cercind.gov.in/2025/orders/125-MP-2024.pdf,2026-05-11T11:29:39.620048
d4718db75b8b7a6c,181/GT/2019,https://www.cercind.gov.in/2025/orders/181-GT-2019.pdf,2026-05-11T11:29:48.818225
2b9cac86ae65b2fa,110/TT/2025,https://www.cercind.gov.in/2025/orders/110-TT-2025.pdf,2026-05-11T11:29:57.134603
92a0461b67ba2e07,160/MP/2015,https://www.cercind.gov.in/2025/orders/160-MP-2015.pdf,2026-05-11T11:30:01.081533
d9343ac29e4fd52f,230/TT/2025,https://www.cercind.gov.in/2025/orders/230-TT-2025.pdf,2026-05-11T11:30:09.126368
e9ba64d083d1c80a,450/TT/2024,https://www.cercind.gov.in/2025/orders/450-TT-2024.pdf,2026-05-11T11:30:16.222223
a0e993481f07d923,277/MP/2025,https://www.cercind.gov.in/2025/orders/277-MP-2025.pdf,2026-05-11T11:30:20.005878
49410edfe2991cbd,228/TT/2025,https://www.cercind.gov.in/2025/orders/228-TT-2025.pdf,2026-05-11T11:30:27.372812
7bf0af25dc821de2,32/TT/2025,https://www.cercind.gov.in/2025/orders/32-TT-2025.pdf,2026-05-11T11:30:35.087851
6283b6f631c74333,220/TT/2025,https://www.cercind.gov.in/2025/orders/220-TT-2025.pdf,2026-05-11T11:30:45.928991
aae95e8a27e681ac,229/TT/2025,https://www.cercind.gov.in/2025/orders/229-TT-2025.pdf,2026-05-11T11:30:53.318591
240e075d02680ffa,209/TT/2025,https://www.cercind.gov.in/2025/orders/209-TT-2025.pdf,2026-05-11T11:31:01.594776
4f4a99518081f642,218/TT/2025,https://www.cercind.gov.in/2025/orders/218-TT-2025.pdf,2026-05-11T11:31:10.893297
ad9ec8c12929cee3,278/MP/2025,https://www.cercind.gov.in/2025/orders/278-MP-2025.pdf,2026-05-11T11:31:14.672233
79574708b030745a,510/AT/2024,https://www.cercind.gov.in/2025/orders/510-AT-2024.pdf,2026-05-11T11:31:19.218976
2109078260660302,120/TT/2025,https://www.cercind.gov.in/2025/orders/120-TT-2025.pdf,2026-05-11T11:31:26.133913
3c915a2ec0c56c8c,76/TT/2025,https://www.cercind.gov.in/2025/orders/76-TT-2025.pdf,2026-05-11T11:31:32.859492
c98ecfba880adac9,20/TT/2025,https://www.cercind.gov.in/2025/orders/20-TT-2025.pdf,2026-05-11T11:31:41.891290
ca915158d0daf423,24/TT/2025,https://www.cercind.gov.in/2025/orders/24-TT-2025.pdf,2026-05-11T11:31:50.940462
c20857ad3d77d2e4,226/TT/2025,https://www.cercind.gov.in/2025/orders/226-TT-2025.pdf,2026-05-11T11:31:58.997826
28c7f2fd9a0dbf85,109/TT/2025,https://www.cercind.gov.in/2025/orders/109-TT-2025.pdf,2026-05-11T11:32:07.570829
fe42d25cc4116cdb,420/AT/2024,https://www.cercind.gov.in/2025/orders/420.pdf,2026-05-11T11:32:11.997000
fff3809587648f23,220/MP/2019 and 267/MP/2019,https://www.cercind.gov.in/2025/orders/267-MP-2019.pdf,2026-05-11T11:32:16.670340
81e00330e9a20fa8,182/TT/2025,https://www.cercind.gov.in/2025/orders/182-TT-2025.pdf,2026-05-11T11:32:26.030607
c3066cc94978845e,223/AT/2024,https://www.cercind.gov.in/2025/orders/223-AT-2024.pdf,2026-05-11T11:32:32.243657
f7bad66260a2af2d,388/GT/2023,https://www.cercind.gov.in/2025/orders/388-GT-2023.pdf,2026-05-11T11:32:40.041793
327da127a5618856,119/GT/2023,https://www.cercind.gov.in/2025/orders/119-GT-2023.pdf,2026-05-11T11:32:48.083028
cb06bb90f75e7f95,108/TT/2025,https://www.cercind.gov.in/2025/orders/108-TT-2025.pdf,2026-05-11T11:32:57.999905
0f4eb4e0469841fa,262/TL/2023,https://www.cercind.gov.in/2025/orders/262-TL-2023.pdf,2026-05-11T11:33:01.747533
39964b25c444faed,132/MP/2024 along with IA.No.95/2024,https://www.cercind.gov.in/2025/orders/132-MP-2024.pdf,2026-05-11T11:33:06.076493
88f8beb347c6d14c,46/MP/2024,https://www.cercind.gov.in/2025/orders/46-MP-2024.pdf,2026-05-11T11:33:11.334627
e9d9c0a45f75f1f0,25/RP/2024 in 387/GT/2020,https://www.cercind.gov.in/2025/orders/25-RP-2024.pdf,2026-05-11T11:33:14.462422
d1fceb3c9961d935,72/AT/2025,https://www.cercind.gov.in/2025/orders/72-AT-2025.pdf,2026-05-11T11:33:19.775329
3584c97579cf5853,11/TT/2025,https://www.cercind.gov.in/2025/orders/11-TT-2025.pdf,2026-05-11T11:33:27.076004
5288e1d3c7ed8ae5,479/TT/2024,https://www.cercind.gov.in/2025/orders/479-TT-2024.pdf,2026-05-11T11:33:34.651913
6a49479649e6fb2d,156/TT/2025,https://www.cercind.gov.in/2025/orders/156-TT-2025.pdf,2026-05-11T11:33:41.792720
c7d8818806cc5d99,212/TT/2025,https://www.cercind.gov.in/2025/orders/212-TT-2025.pdf,2026-05-11T11:33:50.575292
6d07243dca2aa5af,249/MP/2025,https://www.cercind.gov.in/2025/orders/249-MP-2025.pdf,2026-05-11T11:33:53.022178
f58014a8a2b9d0cb,77/MP/2025,https://www.cercind.gov.in/2025/orders/77-MP-2025.pdf,2026-05-11T11:33:55.716894
cfbe1dff1c635f67,167/MP/2025 172/MP/2025,https://www.cercind.gov.in/2025/orders/167-MP-2025.pdf,2026-05-11T11:33:58.646348
9e8b18a0b6151034,136/GT/2024,https://www.cercind.gov.in/2025/orders/136-GT-2024.pdf,2026-05-11T11:34:04.602511
d7f172544fab63a7,84/TD/2025,https://www.cercind.gov.in/2025/orders/84-TD-2025-F.pdf,2026-05-11T11:34:07.455152
b6c9d269c39759a2,211/TT/2025,https://www.cercind.gov.in/2025/orders/211-TT-2025.pdf,2026-05-11T11:34:15.258293
aff1bb327da6cd2f,81/TT/2025,https://www.cercind.gov.in/2025/orders/81-TT-2025.pdf,2026-05-11T11:34:23.484222
cb8b0b4235c9c4c2,13/TT/2025,https://www.cercind.gov.in/2025/orders/13-TT-2025.pdf,2026-05-11T11:34:31.333776
1729bfd7ab8a375b,130/TT/2025,https://www.cercind.gov.in/2025/orders/130-TT-2025.pdf,2026-05-11T11:34:39.556474
aef4fbda1d3a27bb,361/MP/2024,https://www.cercind.gov.in/2025/orders/361-MP-2024.pdf,2026-05-11T11:34:43.210965
27de9642cc00e3ad,Corrigendum to 256/GT/2020,https://www.cercind.gov.in/2025/orders/Corri-256-GT-2020.pdf,2026-05-11T11:34:46.921544
bac97c64e10f95dc,241/MP/2024 along with IA 10 of 2025,https://www.cercind.gov.in/2025/orders/241-MP-2024.pdf,2026-05-11T11:34:54.082419
433c9062dc7eae0c,35/MP/2024,https://www.cercind.gov.in/2025/orders/35-MP-2024.pdf,2026-05-11T11:34:57.941105
c49c015e9eaaae19,137/TT/2025,https://www.cercind.gov.in/2025/orders/137-TT-2025.pdf,2026-05-11T11:35:06.523299
e0903bff693b52b3,135/TT/2025,https://www.cercind.gov.in/2025/orders/135-TT-2025.pdf,2026-05-11T11:35:10.714475
5ba5f87ff96d777e,155/TT/2025,https://www.cercind.gov.in/2025/orders/155-TT-2025.pdf,2026-05-11T11:35:18.196436
a0ed4f8920082a3e,183/TT/2025,https://www.cercind.gov.in/2025/orders/183-TT-2025.pdf,2026-05-11T11:35:27.279545
76ee89dd2eb0b46a,495/TT/2024,https://www.cercind.gov.in/2025/orders/495-TT-2024.pdf,2026-05-11T11:35:35.716281
e20ca7a61d8f32dc,147/MP/2025,https://www.cercind.gov.in/2025/orders/147-MP-2025.pdf,2026-05-11T11:35:39.127539
3a75c2bb7d45dab6,394/MP/2019,https://www.cercind.gov.in/2025/orders/394-MP-2019.pdf,2026-05-11T11:35:41.964405
1d96b0b52b5e90cd,61/TL/2025,https://www.cercind.gov.in/2025/orders/61-TL-2025-F.pdf,2026-05-11T11:35:45.418308
80508dbf85243131,133/TT/2025,https://www.cercind.gov.in/2025/orders/133-TT-2025.pdf,2026-05-11T11:35:53.331712
6f29683f24f27a36,232/TT/2025,https://www.cercind.gov.in/2025/orders/232-TT-2025.pdf,2026-05-11T11:36:01.096252
5a3ed481d19df2d2,71/TL/2025,https://www.cercind.gov.in/2025/orders/71-TL-2025_I.pdf,2026-05-11T11:36:06.409351
dc9ad56a2288891a,222/AT/2024,https://www.cercind.gov.in/2025/orders/222-AT-2024.pdf,2026-05-11T11:36:11.321564
7e7b744effc0af08,509/TL/2024,https://www.cercind.gov.in/2025/orders/509-TL-2024_I.pdf,2026-05-11T11:36:16.606209
6a21070a30c08668,507/TL/2024,https://www.cercind.gov.in/2025/orders/507-TL-2024_I.pdf,2026-05-11T11:36:21.462232
bf7ad701df360fd7,225/TL/2024,https://www.cercind.gov.in/2025/orders/225-TL-2024.pdf,2026-05-11T11:36:25.301437
86bcc55da8d929ed,231/TT/2025,https://www.cercind.gov.in/2025/orders/231-TT-2025.pdf,2026-05-11T11:36:33.630880
1360ce143c7891b7,124/TT/2025,https://www.cercind.gov.in/2025/orders/124-TT-2025.pdf,2026-05-11T11:36:41.160299
edc52154956d8f77,121/TT/2025,https://www.cercind.gov.in/2025/orders/121-TT-2025.pdf,2026-05-11T11:36:49.059370
3502d7abea6aa480,25/TT/2025,https://www.cercind.gov.in/2025/orders/25-TT-2025.pdf,2026-05-11T11:36:56.571353
3468bbc4b1755e97,206/TT/2025,https://www.cercind.gov.in/2025/orders/206-TT-2025.pdf,2026-05-11T11:37:05.177333
f5dfa21146b9585c,56/TT/2025,https://www.cercind.gov.in/2025/orders/56-TT-2025.pdf,2026-05-11T11:37:14.443948
1463193a62e20945,141/MP/2016 with IA No.888/2024,https://www.cercind.gov.in/2025/orders/141-MP-2016-On-remand.pdf,2026-05-11T11:37:21.947410
8cef29f407ec2e26,149/TT/2025,https://www.cercind.gov.in/2025/orders/149-TT-2025.pdf,2026-05-11T11:37:30.350827
526be446a40a4b53,27/TT/2025,https://www.cercind.gov.in/2025/orders/27-TT-2025.pdf,2026-05-11T11:37:38.367141
c2f250fe0a22fbf8,225/TT/2025,https://www.cercind.gov.in/2025/orders/225-TT-2025.pdf,2026-05-11T11:37:46.528448
524d7f7bd1932c18,128/TT/2025,https://www.cercind.gov.in/2025/orders/128-TT-2025.pdf,2026-05-11T11:37:53.071805
a2dc665f09932166,123/TT/2025,https://www.cercind.gov.in/2025/orders/123-TT-2025.pdf,2026-05-11T11:38:00.749063
5e9dd52a51c107c1,36/TT/2025,https://www.cercind.gov.in/2025/orders/36-TT-2025.pdf,2026-05-11T11:38:08.169624
2d5b31a06591fcd5,208/TT/2025,https://www.cercind.gov.in/2025/orders/208-TT-2025.pdf,2026-05-11T11:38:16.279335
fca65e59898a7fe2,490/AT/2024,https://www.cercind.gov.in/2025/orders/490-AT-2024.pdf,2026-05-11T11:38:20.698283
4c1f9533d758c51c,487/TL/2024,https://www.cercind.gov.in/2025/orders/487-TL-2024_I.pdf,2026-05-11T11:38:25.714048
b22ed4d7bc37ee85,95/TT/2025,https://www.cercind.gov.in/2025/orders/95-TT-2025.pdf,2026-05-11T11:38:33.598391
8b046b86c3278a78,150/TD/2025,https://www.cercind.gov.in/2025/orders/150-TD-2025.pdf,2026-05-11T11:38:36.390413
bb71c799a8bb852d,179/MP/2023,https://www.cercind.gov.in/2025/orders/179-MP-2023.pdf,2026-05-11T11:38:44.153853
1ffc908a5165e275,291/RC/2024,https://www.cercind.gov.in/2025/orders/291-RC-2024.pdf,2026-05-11T11:38:47.621155
186d0990baf18d41,8/RP/2024 in 238/GT/2020,https://www.cercind.gov.in/2025/orders/8-RP-2024.pdf,2026-05-11T11:38:51.206290
0c3fd748b1ba5a24,373/MP/2022,https://www.cercind.gov.in/2025/orders/373-MP-2022.pdf,2026-05-11T11:38:57.214382
87b1d4eb3d083db3,106/TT/2025,https://www.cercind.gov.in/2025/orders/106-TT-2025.pdf,2026-05-11T11:39:04.741787
5bb203028c8fff6a,23/TT/2025,https://www.cercind.gov.in/2025/orders/23-TT-2025.pdf,2026-05-11T11:39:12.068325
9ff6d099b80b66db,94/TT/2025,https://www.cercind.gov.in/2025/orders/94-TT-2025.pdf,2026-05-11T11:39:20.013048
7c17874025317fbd,96/TT/2025,https://www.cercind.gov.in/2025/orders/96-TT-2025.pdf,2026-05-11T11:39:29.049149
ec0e68de1791c58d,97/TT/2025,https://www.cercind.gov.in/2025/orders/97-TT-2025.pdf,2026-05-11T11:39:37.195428
f469c73ccd0b0093,119/TT/2025,https://www.cercind.gov.in/2025/orders/119-TT-2025.pdf,2026-05-11T11:39:46.840276
68ba02e5586914fe,114/TT/2025,https://www.cercind.gov.in/2025/orders/114-TT-2025.pdf,2026-05-11T11:39:55.194036
1c77616b18bb6fd3,104/TT/2025,https://www.cercind.gov.in/2025/orders/104-TT-2025.pdf,2026-05-11T11:40:03.840869
7adb8d9160754e01,283/AT/2024,https://www.cercind.gov.in/2025/orders/283-AT-2024.pdf,2026-05-11T11:40:08.417862
f15bead668b98a83,312/AT/2024,https://www.cercind.gov.in/2025/orders/312-AT-2024.pdf,2026-05-11T11:40:15.203094
4a4ae73ca67759a5,161/MP/2024,https://www.cercind.gov.in/2025/orders/161-MP-2024.pdf,2026-05-11T11:40:20.308000
0f943fcd4b01f60a,14/TT/2025,https://www.cercind.gov.in/2025/orders/14-TT-2025.pdf,2026-05-11T11:40:27.893704
d01442b83c6631ad,142/TT/2025,https://www.cercind.gov.in/2025/orders/142-TT-2025.pdf,2026-05-11T11:40:36.357530
89f186f535bafd03,140/TT/2025,https://www.cercind.gov.in/2025/orders/140-TT-2025.pdf,2026-05-11T11:40:43.712851
c3cafaefe329e7e1,105/TT/2025,https://www.cercind.gov.in/2025/orders/105-TT-2025.pdf,2026-05-11T11:40:52.034481
c579ac4b4487027c,90/TT/2025,https://www.cercind.gov.in/2025/orders/90-TT-2025.pdf,2026-05-11T11:40:59.189491
cedd96b3bc02289c,131/TT/2025,https://www.cercind.gov.in/2025/orders/131-TT-2025.pdf,2026-05-11T11:41:06.370520
a3f3f6d0008caa71,492/AT/2024,https://www.cercind.gov.in/2025/orders/492-AT-2024.pdf,2026-05-11T11:41:11.713084
3229f0b79b5ad1d8,478/TL/2024,https://www.cercind.gov.in/2025/orders/478-TL-2024.pdf,2026-05-11T11:41:15.521472
e092d89a96f43f73,70/AT/2025,https://www.cercind.gov.in/2025/orders/70-AT-2025.pdf,2026-05-11T11:41:19.945738
755db4aaad9d4927,98/TT/2025,https://www.cercind.gov.in/2025/orders/98.pdf,2026-05-11T11:41:27.361629
70f26c5e6a99cab3,139/TT/2025,https://www.cercind.gov.in/2025/orders/139.pdf,2026-05-11T11:41:35.083659
f1a2b4089d142c56,32/RP/2024 in 110/MP/2019,https://www.cercind.gov.in/2025/orders/32.pdf,2026-05-11T11:41:39.547151
fc5265351b718bc6,92/TT/2025,https://www.cercind.gov.in/2025/orders/92.pdf,2026-05-11T11:41:47.314624
c7d7274078622f7e,91/TT/2025,https://www.cercind.gov.in/2025/orders/91.pdf,2026-05-11T11:41:54.931939
c0f89a029efec5b6,3/RP/2025,https://www.cercind.gov.in/2025/orders/3R.pdf,2026-05-11T11:41:57.015841
11f915e1eb71226b,69/TL/2025,https://www.cercind.gov.in/2025/orders/69.pdf,2026-05-11T11:42:01.733133
01ced9d3d3e46bc3,ADDENDUM in 9/SM/2024,https://www.cercind.gov.in/2025/orders/9.pdf,2026-05-11T11:42:03.578622
e17f4a65be058d71,31/MP/2024,https://www.cercind.gov.in/2025/orders/31.pdf,2026-05-11T11:42:08.621777
24b78491a703c713,37/RC/2024,https://www.cercind.gov.in/2025/orders/37-RC-2024.pdf,2026-05-11T11:42:11.943274
157e3222ca9a1cab,11/MP/2024,https://www.cercind.gov.in/2025/orders/11-MP-2024.pdf,2026-05-11T11:42:16.391406
7185cc27b6fe3448,491/TL/2024,https://www.cercind.gov.in/2025/orders/491.pdf,2026-05-11T11:42:20.905976
4a859a824051d486,414/MP/2024,https://www.cercind.gov.in/2025/orders/414.pdf,2026-05-11T11:42:24.541550
8652256701adc694,486/TL/2024,https://www.cercind.gov.in/2025/orders/486.pdf,2026-05-11T11:42:28.749241
eeaefe7d0ab0b43c,354/TT/2024,https://www.cercind.gov.in/2025/orders/354.pdf,2026-05-11T11:42:37.384523
ca1167af869b8889,288/TT/2023,https://www.cercind.gov.in/2025/orders/288.pdf,2026-05-11T11:42:45.057678
fbea36115b80edd3,481/TT/2024,https://www.cercind.gov.in/2025/orders/481.pdf,2026-05-11T11:42:52.433017
4f7ac2caa9421c35,157/TT/2025,https://www.cercind.gov.in/2025/orders/157-TT-2025.pdf,2026-05-11T11:42:59.646158
77ff0b8a32d1684d,311/AT/2024,https://www.cercind.gov.in/2025/orders/311-AT-2024.pdf,2026-05-11T11:43:04.935559
cfc66acf51282b34,84/TD/2025,https://www.cercind.gov.in/2025/orders/84-TD-2025.pdf,2026-05-11T11:43:08.067860
679aa6a840a888a5,82/MP/2025,https://www.cercind.gov.in/2025/orders/82-MP-2025_I.pdf,2026-05-11T11:43:10.520946
96ff7866a3da3957,22/RP/2024 in 96/GT/2020,https://www.cercind.gov.in/2025/orders/22-RP-2024.pdf,2026-05-11T11:43:14.369450
edf8171766ae406d,226/AT/2024,https://www.cercind.gov.in/2025/orders/226-AT-2024.pdf,2026-05-11T11:43:18.885821
75410093ae5d37cf,63/MP/2020,https://www.cercind.gov.in/2025/orders/63-MP-2020.pdf,2026-05-11T11:43:25.543937
4869f525c246e826,85/TT/2024,https://www.cercind.gov.in/2025/orders/85-TT-2024.pdf,2026-05-11T11:43:34.739220
9c5c4c392078bd96,38/TT/2025,https://www.cercind.gov.in/2025/orders/38-TT-2025.pdf,2026-05-11T11:43:42.711010
e636383fb04d11d3,489/TL/2024,https://www.cercind.gov.in/2025/orders/489-TL-2024_I.pdf,2026-05-11T11:43:47.978706
236e1bb5b8db084c,436/TL/2024,https://www.cercind.gov.in/2025/orders/436-TL-2024.pdf,2026-05-11T11:43:51.229128
39d4e82a752eec8f,61/TL/2025,https://www.cercind.gov.in/2025/orders/61-TL-2025.pdf,2026-05-11T11:43:55.595157
34b0126503ff259f,240/MP/2023,https://www.cercind.gov.in/2025/orders/240-MP-2023.pdf,2026-05-11T11:44:00.575551
97048e2fa032dbdf,30/MP/2023,https://www.cercind.gov.in/2025/orders/30-MP-2023.pdf,2026-05-11T11:44:06.608636
c848692e95b4095a,480/TT/2024,https://www.cercind.gov.in/2025/orders/480-TT-2024.pdf,2026-05-11T11:44:14.619158
3a977a8f56e04618,268/AT/2024,https://www.cercind.gov.in/2025/orders/268-AT-2024.pdf,2026-05-11T11:44:19.481421
33d73b4f88443987,436/GT/2020,https://www.cercind.gov.in/2025/orders/436-GT-2020.pdf,2026-05-11T11:44:28.946480
97185e26fe5df8d0,329/TT/2023,https://www.cercind.gov.in/2025/orders/329-TT-2023.pdf,2026-05-11T11:44:37.195174
2d403c4fddea325c,154/TT/2025,https://www.cercind.gov.in/2025/orders/154-TT-2025.pdf,2026-05-11T11:44:44.764362
0be821598ac72e8b,9/TT/2025,https://www.cercind.gov.in/2025/orders/9-TT-2025.pdf,2026-05-11T11:44:52.946206
0a0238d9a6258760,316/TL/2024,https://www.cercind.gov.in/2025/orders/316-TL-2024.pdf,2026-05-11T11:44:57.750953
24dff5b98b46c3a8,313/TL/2024,https://www.cercind.gov.in/2025/orders/313-TL-2024.pdf,2026-05-11T11:45:02.919952
824f0e7967b32ab8,150/TD/2025,https://www.cercind.gov.in/2025/orders/150-TD-2025-1.pdf,2026-05-11T11:45:05.613392
ddd328279b3d7929,477/TL/2024,https://www.cercind.gov.in/2025/orders/477-TL-2024.pdf,2026-05-11T11:45:08.766421
fa67cdc3d545900c,225/TL/2024,https://www.cercind.gov.in/2025/orders/225-TL-2024-I.pdf,2026-05-11T11:45:12.673789
80fd09abd3254631,Corrigendum to 7/RP/2024,https://www.cercind.gov.in/2025/orders/Corri-7-RP-2024.pdf,2026-05-11T11:45:14.853284
050fbc6a25b6859e,10/TT/2025,https://www.cercind.gov.in/2025/orders/10-TT-2025.pdf,2026-05-11T11:45:21.945320
4023061ba552824c,7/TT/2025,https://www.cercind.gov.in/2025/orders/7-TT-2025.pdf,2026-05-11T11:45:29.304645
90cf42b9d9e9c1e8,5/TT/2025,https://www.cercind.gov.in/2025/orders/5-TT-2025.pdf,2026-05-11T11:45:36.614499
2168f22a65afe6f6,4/TT/2025,https://www.cercind.gov.in/2025/orders/4-TT-2025.pdf,2026-05-11T11:45:44.229231
a4c18b587f869db6,37/TT/2025,https://www.cercind.gov.in/2025/orders/37-TT-2025.pdf,2026-05-11T11:45:51.859775
f64b8033781a5ae1,8/TT/2025,https://www.cercind.gov.in/2025/orders/8-TT-2025.pdf,2026-05-11T11:45:59.167089
d23a8da2505c479b,"100/MP/2021 with IA No. 94/2023, 102/MP/2021 with IA No. 97/2023, 308/MP/2023 with IA Nos. 77/2023, 78/2023, 95/2023 & 96/2023",https://www.cercind.gov.in/2025/orders/100-MP-2021-batch.pdf,2026-05-11T11:46:02.279719
5871b08892add92a,317/TL/2024,https://www.cercind.gov.in/2025/orders/317-TL-2024-F.pdf,2026-05-11T11:46:06.401679
50495cff7d42e647,189/GT/2020,https://www.cercind.gov.in/2025/orders/189-GT-2020.pdf,2026-05-11T11:46:11.683356
f3773e341784369a,89/GT/2023,https://www.cercind.gov.in/2025/orders/89-GT-2023.pdf,2026-05-11T11:46:21.867211
24065bbd30d6415b,433/MP/2024,https://www.cercind.gov.in/2025/orders/433-MP-2024.pdf,2026-05-11T11:46:23.995817
5b832d64f6286e37,112/MP/2025,https://www.cercind.gov.in/2025/orders/112-MP-2025.pdf,2026-05-11T11:46:27.353380
fcfa10800d5babdc,453/TT/2024,https://www.cercind.gov.in/2025/orders/453-TT-2024.pdf,2026-05-11T11:46:34.435264
df3a9262b0e04a62,24/RP/2024 in 563/GT/2020,https://www.cercind.gov.in/2025/orders/24-RP-2024.pdf,2026-05-11T11:46:38.067033
3b81f4b3bd3dd0e6,376/TT/2024,https://www.cercind.gov.in/2025/orders/376-TT-2024.pdf,2026-05-11T11:46:45.294773
2e5bad895dbd8839,350/TT/2023,https://www.cercind.gov.in/2025/orders/350-TT-2023.pdf,2026-05-11T11:46:53.509126
569c12b7a9ac2a0b,437/TL/2024,https://www.cercind.gov.in/2025/orders/437-TL-2024.pdf,2026-05-11T11:46:57.215974
ce91860700a81f8d,423/AT/2024,https://www.cercind.gov.in/2025/orders/423-AT-2024.pdf,2026-05-11T11:47:01.850266
246df93d222e8806,387/AT/2024,https://www.cercind.gov.in/2025/orders/387-AT-2024.pdf,2026-05-11T11:47:06.173089
e41a6a8e94ff8efb,365/AT/2024,https://www.cercind.gov.in/2025/orders/365-AT-2024.pdf,2026-05-11T11:47:11.603101
8b5d2beb0d080a1e,346/AT/2024,https://www.cercind.gov.in/2025/orders/346-AT-2024.pdf,2026-05-11T11:47:15.651865
e5f16123d4e2beec,324/TL/2024,https://www.cercind.gov.in/2025/orders/324-TL-2024.pdf,2026-05-11T11:47:20.313503
1d6cc7d764c036d2,189/MP/2024,https://www.cercind.gov.in/2025/orders/189-MP-2024.pdf,2026-05-11T11:47:25.667793
fe8c4561d5a617fd,90/TT/2024,https://www.cercind.gov.in/2025/orders/90.pdf,2026-05-11T11:47:33.604445
a488ab8fc5a1c6a4,381/TT/2024,https://www.cercind.gov.in/2025/orders/381.pdf,2026-05-11T11:47:41.632644
f03c031efc88864f,17/MP/2023,https://www.cercind.gov.in/2025/orders/17-MP-2023.pdf,2026-05-11T11:47:49.147644
5a0a39cc92d676cf,119/AT/2024,https://www.cercind.gov.in/2025/orders/119-AT-2024.pdf,2026-05-11T11:47:55.176817
85093aa16348f7f7,400/TT/2024,https://www.cercind.gov.in/2025/orders/400-TT-2024.pdf,2026-05-11T11:48:05.037922
758b4f0adc29a323,399/TT/2024,https://www.cercind.gov.in/2025/orders/399-TT-2024.pdf,2026-05-11T11:48:13.470766
b78c04ca90c52613,394/TT/2024,https://www.cercind.gov.in/2025/orders/394-TT-2024.pdf,2026-05-11T11:48:21.320804
c03daf834ea92e82,393/TT/2024,https://www.cercind.gov.in/2025/orders/393-TT-2024.pdf,2026-05-11T11:48:27.506709
bbe293615f1a6bac,377/TT/2024,https://www.cercind.gov.in/2025/orders/377-TT-2024.pdf,2026-05-11T11:48:34.931005
0858da215a3127d0,356/TT/2024,https://www.cercind.gov.in/2025/orders/356-TT-2024.pdf,2026-05-11T11:48:42.238931
bb71f933cde35d44,93/TT/2023,https://www.cercind.gov.in/2025/orders/93-TT_2023.pdf,2026-05-11T11:48:50.255658
933aaaed585e2f68,264/GT/2021,https://www.cercind.gov.in/2025/orders/264-GT-2021.pdf,2026-05-11T11:49:00.202879
5b3b6e5dd00401cd,478/TL/2024,https://www.cercind.gov.in/2025/orders/478-TL-2024_I.pdf,2026-05-11T11:49:05.909918
396b1a43efbbf014,7/RP/2024,https://www.cercind.gov.in/2025/orders/7-RP-2024.pdf,2026-05-11T11:49:10.676038
804470ccd83d85b8,375/TT/2024,https://www.cercind.gov.in/2025/orders/375-TT-2024.pdf,2026-05-11T11:49:18.294212
6c883383f0c0f465,397/TT/2024,https://www.cercind.gov.in/2025/orders/397-TT-2024.pdf,2026-05-11T11:49:25.899536
377d46a72f32eb79,401/TT/2024,https://www.cercind.gov.in/2025/orders/401-TT-2024.pdf,2026-05-11T11:49:34.360060
7c4cdf9a1dd92be4,349/TT/2023,https://www.cercind.gov.in/2025/orders/349-TT-2023.pdf,2026-05-11T11:49:44.908439
7431a18494db4473,427/AT/2024,https://www.cercind.gov.in/2025/orders/427-AT-2024.pdf,2026-05-11T11:49:49.190651
47dab00c005b9b2b,424/TL/2024,https://www.cercind.gov.in/2025/orders/424-TL-2024_I.pdf,2026-05-11T11:49:54.101473
1154a2431abdb597,426/TL/2024,https://www.cercind.gov.in/2025/orders/426-TL-2024-I.pdf,2026-05-11T11:49:59.648597
f24b2ea5b18769f4,477/TL/2024,https://www.cercind.gov.in/2025/orders/477-TL-2024_I.pdf,2026-05-11T11:50:04.057459
7ce045d3ba027bc5,503/MP/2024,https://www.cercind.gov.in/2025/orders/503-MP-2024.pdf,2026-05-11T11:50:08.112619
d935512333c05df6,281/TD/2024,https://www.cercind.gov.in/2025/orders/281-TD-2024.pdf,2026-05-11T11:50:10.683868
30f71a1c07716184,340/TL/2024,https://www.cercind.gov.in/2025/orders/340-TL-2024.pdf,2026-05-11T11:50:14.233237
96f738c5836e67e3,432/MP/2024,https://www.cercind.gov.in/2025/orders/432-MP-2024.pdf,2026-05-11T11:50:17.191737
89c6fff185f61d14,342/AT/2024,https://www.cercind.gov.in/2025/orders/342-AT-2024.pdf,2026-05-11T11:50:21.233160
c322b875c3dc3677,343/TL/2024,https://www.cercind.gov.in/2025/orders/343-TL-2024-F.pdf,2026-05-11T11:50:24.521283
a9b7cf9e29926bad,34/RP/2023 in 237/GT/2020,https://www.cercind.gov.in/2025/orders/34-RP-2023.pdf,2026-05-11T11:50:27.862148
405d338bcc1fcc70,15/TT/2023,https://www.cercind.gov.in/2025/orders/15-TT-2023.pdf,2026-05-11T11:50:35.197361
d77343c6c84dfa31,390/TT/2023,https://www.cercind.gov.in/2025/orders/390-TT-2023.pdf,2026-05-11T11:50:44.032644
a455d2364f9c91ad,370/TT/2024,https://www.cercind.gov.in/2025/orders/370-TT-2024.pdf,2026-05-11T11:50:52.150635
adbbe58c28fd595c,369/TT/2024,https://www.cercind.gov.in/2025/orders/369-TT-2024.pdf,2026-05-11T11:51:00.583150
040367daf36910f9,434/MP/2024,https://www.cercind.gov.in/2025/orders/434-MP-2024.pdf,2026-05-11T11:51:03.692373
e949b92e9ecd1015,29/RP/2024 in 113/MP/2020 along with IA No. 89/2024,https://www.cercind.gov.in/2025/orders/29-RP-2024.pdf,2026-05-11T11:51:06.834099
b9cac59b62e5edea,01/SM/2025,https://www.cercind.gov.in/2025/orders/01-SM-2025.pdf,2026-05-11T11:51:09.260046
9a424d4f39c2d558,374/TT/2024,https://www.cercind.gov.in/2025/orders/374-TT-2024.pdf,2026-05-11T11:51:17.327070
7a45a76f697a1e3f,10/SM/2024,https://www.cercind.gov.in/2025/orders/10-SM-2024.pdf,2026-05-11T11:51:20.386604
0c5f3c1c0ec54141,382/TT/2024,https://www.cercind.gov.in/2025/orders/382-TT-2024.pdf,2026-05-11T11:51:27.815656
6f3af20bc8e97ee1,358/TT/2024,https://www.cercind.gov.in/2025/orders/358-TT-2024.pdf,2026-05-11T11:51:35.863323
bb14214ea5d07133,437/TL/2024,https://www.cercind.gov.in/2025/orders/437-TL-2024_I.pdf,2026-05-11T11:51:40.864153
c84930a6cee817c8,337/GT/2014,https://www.cercind.gov.in/2025/orders/337-GT-2014.pdf,2026-05-11T11:51:44.802729
9f1a5300eab5ca58,340/GT/2014,https://www.cercind.gov.in/2025/orders/340-GT-2014.pdf,2026-05-11T11:51:50.066060
1205d94f0b2d260a,21/RP/2024 in 54/MP/2024,https://www.cercind.gov.in/2025/orders/21-RP-2024.pdf,2026-05-11T11:51:53.134172
7a8d1aa4490265d3,92/MP/2024 with IA.No.36/2024,https://www.cercind.gov.in/2025/orders/92-MP-2024.pdf,2026-05-11T11:51:57.909459
9c917166986e8a7f,204/MP/2023,https://www.cercind.gov.in/2025/orders/204-MP-2023.pdf,2026-05-11T11:52:03.770732
463451077a83b866,347/TL/2024,https://www.cercind.gov.in/2025/orders/347-TL-2024.pdf,2026-05-11T11:52:07.144039
928dd1c93494191b,383/TT/2024,https://www.cercind.gov.in/2025/orders/383-TT-2024.pdf,2026-05-11T11:52:15.419230
d86e856ba39e9c06,280/GT/2014,https://www.cercind.gov.in/2025/orders/280-GT-2014.pdf,2026-05-11T11:52:19.221993
c5f701da5eac0298,138/AT/2024,https://www.cercind.gov.in/2025/orders/138-AT-2024.pdf,2026-05-11T11:52:25.482804
