id,section,no,title,date,pdf_link,pdf_filename
5f920437fea11147,public_notices,1,Notice Inviting Public Comments on the Commitment Application Submitted by InterGlobe Aviation Limited in Case No. 44 of 2025 (Kartikeya Rawal v. InterGlobe Aviation Limited) Last Date: 13.08.2026,2026-08-13,https://cci.gov.in/images/publicnotices/en/notice-for-website-public-comments1784805162.pdf,5f920437fea11147.pdf
a599c0e8646d7f2d,public_notices,2,"Notice for extended time for inviting public comments in case No. 42-2022 ,  Last Date: 01.09.2025",2025-01-09,https://cci.gov.in/images/publicnotices/en/extension-notice-dated-200820251755689802.pdf,a599c0e8646d7f2d.pdf
25a1719e757fe196,public_notices,3,Notice inviting public comments with respect to the Commitment offer submitted by the Opposite parties in Case No 42 of 2022 titled Winzo Games Pvt. Ltd. v Google LLC and Ors.,,https://cci.gov.in/images/publicnotices/en/notice-for-public-consultation1753877792.pdf,25a1719e757fe196.pdf
5714076434725d5d,public_notices,4,Clarifications on Request for Proposal (RFP) of Market Study on Artificial Intelligence and Competition,,https://cci.gov.in/images/publicnotices/en/rfp-clarifications-240520241716558689.pdf,5714076434725d5d.pdf
e82632f70c3a9ebe,public_notices,5,Requirement of Advocates / Law Firms for Empanelment to represent the Competition Commission of India and Director General before various Courts and Tribunals.,,https://cci.gov.in/images/publicnotices/en/new-notice11714481140.pdf,e82632f70c3a9ebe.pdf
7bcc27fc498f8fa3,public_notices,6,"Soliciting suggestions/ feedback/ comments/ inputs/ views from general public/ stakeholders on the draft competition commission of india (determination of turnover or income) regulations, 2023.",,https://cci.gov.in/images/publicnotices/en/draft-public-notice1705412063.pdf,7bcc27fc498f8fa3.pdf
0f76c64f71ba49de,public_notices,7,Public Interest Disclosure and Protection of Informers (PIDPI) Resolution,,https://cci.gov.in/images/publicnotices/en/pidpi-resolution-and-procedure1698727787.pdf,0f76c64f71ba49de.pdf
e124bf37794071f8,public_notices,8,Brief reasons for engagement of interpreters of Chinese and Russian  Language during 8th BRICS International Competition Conference  on nomination basis under Rule 194 of GFR.,,https://cci.gov.in/images/publicnotices/en/note-for-uploading-on-website1696504871.pdf,e124bf37794071f8.pdf
0f8ab5fec4dbb9cb,public_notices,9,Notice of engaging  Vidhi Centre for Legal Policy (VCLP) on nomination basis pursuant to MCA Letter No. C-31012/2/18-Vigilance/MCA and CVC Circular dated 06.04.2021,2018-12-02,https://cci.gov.in/images/publicnotices/en/matrial-for-website-public-notice-11691407358.pdf,0f8ab5fec4dbb9cb.pdf
fd1a84b980dbca62,public_notices,10,Notice of award of work to Super Ads Creative Media Private Limited on nomination basis pursuant to MCA Letter No. C-31012/2/18-Vigilance/MCA and CVC Circular dated 06.04.2021,2018-12-02,https://cci.gov.in/images/publicnotices/en/public-notice1684306594.pdf,fd1a84b980dbca62.pdf
9d8d487049923d6f,public_notices,11,Notice of award of work to JCDecaux Advertising India Pvt. Ltd. on nomination basis pursuant to MCA Letter No. C-31012/2/18-Vigilance/MCA and CVC Circular dated 06.04.2021,2018-12-02,https://cci.gov.in/images/publicnotices/en/work1658483792.pdf,9d8d487049923d6f.pdf
f7e20595d765956a,public_notices,12,Practice Direction,,https://cci.gov.in/images/publicnotices/en/practicedirection16521734271652612776.pdf,f7e20595d765956a.pdf
6e207203e6d6217d,public_notices,13,Undertaking of Submissions,,https://cci.gov.in/images/publicnotices/en/undertaking-of-submissions1652612585.pdf,6e207203e6d6217d.pdf
7f59d099933cc685,public_notices,14,Measures in view of threat of Carona Virus / Covid 19 Pandamic,,https://cci.gov.in/images/publicnotices/en/public-notice1652612363.pdf,7f59d099933cc685.pdf
3ba0143abc5ac1e7,press_release,1,CCI imposes penalty on Rekha Agencies and SS Marketing for  indulging in anti-competitive conduct in respect of Himachal Pradesh  Tender 2013 for the procurement of tyres,2026-08-21,,3ba0143abc5ac1e7.pdf
193b509214e670fa,press_release,2,"CCI imposes monetary and non-monetary sanctions on Agro Input  Dealers Association, Agro Input Welfare Association, Mr. Manmohan C.  Kalantri and Mr. Arvindbhai Jerambhai Patel for indulging in anti competitive conduct",2026-08-21,,193b509214e670fa.pdf
f8e0b35436353df0,press_release,3,Commission approves acquisition of additional shareholding of Acko Technology & Services Private Limited by General Atlantic Singapore ACK Pte. Ltd.,2026-08-18,,f8e0b35436353df0.pdf
482c59b3ee94c77e,press_release,4,Commission approves acquisition of certain equity shareholding in Bharti Life Insurance Company Limited by Prudential Corporation Holdings Limited,2026-08-18,,482c59b3ee94c77e.pdf
b6063a864bfd3dc7,press_release,5,CCI approves acquisition of 23% equity shareholding of TM International Logistics Ltd. by Tata Steel Ltd,2026-08-18,,b6063a864bfd3dc7.pdf
cc35684303913006,press_release,6,Competition Commission of India hosted the meeting of the BRICS Heads of Competition Authorities 2026,2026-08-08,,cc35684303913006.pdf
4cda2021e2622e65,press_release,7,Commission approves the proposed combination inter alia involving share acquisition(s) and merger of certain entities into InterGlobe Hotels Private Limited,2026-05-08,,4cda2021e2622e65.pdf
6c270e56e5900064,press_release,8,"Commission approves the amalgamation of Go Digit Infoworks Services Private Limited, the holding company of Go Digit General Insurance Limited, with Go Digit General Insurance Limited such that Go Digit General Insurance Limited will be the surviving entity",2026-07-28,,6c270e56e5900064.pdf
578092c6fd56393c,press_release,9,"Commission approves acquisition of units by Brookfield Asset Management Ltd. (BAM) of Oaktree Capital Group Holdings, L.P. (OCGH), and Oaktree Equity Plan, L.P. (OEP)",2026-07-28,,578092c6fd56393c.pdf
53638bbd7381cc6f,press_release,10,Commission approves acquisition of 100% of the equity share capital of NCR Atleos Corporation (Target) by The Brink's Company (Acquirer),2026-07-22,,53638bbd7381cc6f.pdf
a01a1ac333b7413f,press_release,11,Commission approves acquisition by Opal Bidco Pte. Ltd. of 100% shareholding in STT GDC Pte. Ltd.,2026-07-14,,a01a1ac333b7413f.pdf
2365f7789c868577,press_release,12,CCI imposes penalty on HP India and its certain resellers for indulging in anti-competitive practices in supply of Supplies products,2026-07-13,,2365f7789c868577.pdf
4ce712c47b35a7c3,press_release,13,CCI imposes penalty on HP India and its certain resellers for indulging in anti-competitive practices in supply of personal system products,2026-07-13,,4ce712c47b35a7c3.pdf
a808fd657108460c,press_release,14,Commission approves the acquisition of certain shareholding in Sorting Hat Technologies Private Limited and its merger with and into upGrad Education Private Limited.,2026-07-07,,a808fd657108460c.pdf
4be4afa50d8354dd,press_release,15,Commission approves the merger of 51 Malabar Group’s companies with and into Malabar Gold and Diamonds Limited.,2026-07-07,,4be4afa50d8354dd.pdf
5e9dd401aaad8951,press_release,16,"CCI approves acquisition of 100% shareholding of Royal Challengers Sports Private Limited by a consortium comprising Big Banyan Holdings, Bolt IPL Holdings, Times Internet, Times Cricket, ICQ Opportunities, Asia Investment Topco II and others",2026-06-30,,5e9dd401aaad8951.pdf
9465d31eb1b57c28,press_release,17,CCI approves acquisition of certain shares in Krazybee Services Limited and Finnovation Tech Solutions Private Limited by Mars Equity Dragon Fund VCC,2026-06-30,,9465d31eb1b57c28.pdf
058a19e0f74c11a6,press_release,18,"CCI approves the proposed combination involving the acquisition of shareholding of seven SPVs by Anantam Highways Trust (InvIT) and the issuance of units of the InvIT to Build India Infrastructure Fund (BIIF), Dilip Buildcon Limited (DBL) and DBL Infraventures Pvt. Ltd. (DIPL)",2026-06-30,,058a19e0f74c11a6.pdf
d46035a098052676,press_release,19,CCI approves the proposed combination involving acquisition of certain shareholding in Nippon Life India AIF Management Limited by DWS Group GmbH & Co. KGaA.,2026-06-30,,d46035a098052676.pdf
636408a07da040e1,press_release,20,"CCI approves acquisition of 21% voting interest in Astemo, Ltd. by Honda Motor Co., Ltd.",2026-06-23,,636408a07da040e1.pdf
d20ed3e66fe2d044,press_release,21,"Commission approves acquisition of certain shareholding in Nxtra Data Limited (Target) by Alpha Wave Ventures II, LP (Acquirer)",2026-06-23,,d20ed3e66fe2d044.pdf
616c16bf53430d5e,press_release,22,CCI approves the proposed combination involving acquisition of PGIM India Asset Management Pvt. Ltd. and PGIM India Trustees Pvt. Ltd. by TVS Emerald Ltd. and TVS Venu Management and Consultancy Services Pvt. Ltd.,2026-06-16,,616c16bf53430d5e.pdf
fc4ddbb06062efda,press_release,23,CCI approves subscription of certain equity shareholding by Kedaara Pearl Holding and Kedaara Capital Fund IV AIF in Axis Finance Limited,2026-06-16,,fc4ddbb06062efda.pdf
568adf5cd6aeac23,press_release,24,CCI approves the proposed combination involving inter-alia subscription to certain CCPS and acquisition of certain equity share capital of Romsons Group Pvt. Ltd. by Jongsong Investments Pte. Ltd.,2026-06-16,,568adf5cd6aeac23.pdf
55da03834d11e131,press_release,25,CCI approves acquisition of certain shareholding in Shriram Life Insurance Company Limited by Sanlam Emerging Markets (Mauritius) Ltd,2026-09-06,,55da03834d11e131.pdf
501631bee9c1b12a,press_release,26,CCI approves acquisition of certain shareholding in PUMA SE by Ancat Holding GmbH,2026-09-06,,501631bee9c1b12a.pdf
e79b1b45b886ed58,press_release,27,CCI approves the proposed combination related to restructuring of UPL group companies and others.,2026-02-06,,e79b1b45b886ed58.pdf
0bcbf0e4301067a2,press_release,28,CCI approves acquisition of Macquarie AirFinance Limited by Dubai Aerospace Enterprise (DAE) Ltd through DAE Eirecam Designated Activity Company,2026-02-06,,0bcbf0e4301067a2.pdf
eeeafd1dac3e6a10,press_release,29,CCI approves creation of a joint venture company between Mercuria Energy Netherlands B.V. and Tata International Singapore (Pte) Ltd.,2026-05-26,,eeeafd1dac3e6a10.pdf
3d7fe47311c00747,press_release,30,CCI approves the merger of Indovida India Private Limited with and into EPL Limited,2026-05-26,,3d7fe47311c00747.pdf
0c64bec703109326,press_release,31,"CCI approves the acquisition of certain shareholding in Neysa Networks Private Limited by BCP Asia II Topco V Pte. Ltd., Asia II Topco XIV Pte. Ltd., and other investors.",2026-05-20,,0c64bec703109326.pdf
d665c31a7bcd8bf8,press_release,32,"Commission approves the acquisition of a certain stake of Restaurant Brands Asia Limited (Target) by Lenexis Foodworks Private Limited (LFPL), Aayush Agrawal Trust (AAT), Inspira Foodworks Private Limited (IFPL), Aayush Madhusudan Agrawal (AMA), and Inspira Agro Trading LLC (IATL)",2026-05-20,,d665c31a7bcd8bf8.pdf
86a87f338b65c9db,press_release,33,"CCI approves proposed acquisition of Baharampore - Farakka Highways Limited, Devanahalli Tollway Private Limited, Western MP Infrastructure and Toll Roads Private Limited and Chenani Nashri Tunnelway Limited by Cube Highways Trust",2026-05-20,,86a87f338b65c9db.pdf
305d4aaa01778691,press_release,34,"Mr. K Sanjay Murthy, Hon’ble Comptroller and Auditor General of India, addressed the 17th Annual Day commemoration of the Competition Commission of India.",2026-05-20,,305d4aaa01778691.pdf
9bcdb21f863f1a27,press_release,35,CCI approves acquisition by CPPIB India Private Holdings Inc. of certain shareholding in Ctrl S Datacenters Limited,2026-12-05,,9bcdb21f863f1a27.pdf
ba01c680a2da61f9,press_release,36,CCI approves acquisition of Kenvue Inc. by Kimberly-Clark Corporation,2026-12-05,,ba01c680a2da61f9.pdf
044867edbbe8386b,press_release,37,Commission approves acquisition of 100% share capital of GVK Energy Limited (Target) by Adani Power Limited (Acquirer),2026-12-05,,044867edbbe8386b.pdf
2fba145f26c03477,press_release,38,Commission approves the acquisition of 7.14% stake in Llyods Engineering Works Limited by Thriveni Earthmovers Private Limited and merger of three entities into Lloyds Engineering Works Limited.,2026-12-05,,2fba145f26c03477.pdf
47d13e4c860c07f4,press_release,39,"CCI approves proposed merger of A1 Agri Global Limited, B.N. Agritech Limited and Salasar Balaji Overseas Private Limited into BN Agrochem Limited.",2026-04-28,,47d13e4c860c07f4.pdf
00a6af9e73160186,press_release,40,"CCI approves acquisition of certain equity share capital of Avendus Capital Private Limited by Mizuho Securities Co., Ltd. on a fully diluted basis",2026-04-28,,00a6af9e73160186.pdf
b55eedb43b93f979,press_release,31,"CCI approves the acquisition of certain shareholding in Neysa Networks Private Limited by BCP Asia II Topco V Pte. Ltd., Asia II Topco XIV Pte. Ltd., and other investors.",2026-05-20,https://cci.gov.in/images/pressrelease/en/press-release1782992945.pdf,b55eedb43b93f979.pdf
570334e2dc4eb054,press_release,32,"Commission approves the acquisition of a certain stake of Restaurant Brands Asia Limited (Target) by Lenexis Foodworks Private Limited (LFPL), Aayush Agrawal Trust (AAT), Inspira Foodworks Private Limited (IFPL), Aayush Madhusudan Agrawal (AMA), and Inspira Agro Trading LLC (IATL)",2026-05-20,https://cci.gov.in/images/pressrelease/en/press-release1779281506.pdf,570334e2dc4eb054.pdf
830224c8c2ed3340,press_release,33,"CCI approves proposed acquisition of Baharampore - Farakka Highways Limited, Devanahalli Tollway Private Limited, Western MP Infrastructure and Toll Roads Private Limited and Chenani Nashri Tunnelway Limited by Cube Highways Trust",2026-05-20,https://cci.gov.in/images/pressrelease/en/press-release1779281555.pdf,830224c8c2ed3340.pdf
ab17156dbd60fc07,press_release,34,"Mr. K Sanjay Murthy, Hon’ble Comptroller and Auditor General of India, addressed the 17th Annual Day commemoration of the Competition Commission of India.",2026-05-20,https://cci.gov.in/images/pressrelease/en/press-release1779282485.pdf,ab17156dbd60fc07.pdf
47daff4d59a281b7,press_release,35,CCI approves acquisition by CPPIB India Private Holdings Inc. of certain shareholding in Ctrl S Datacenters Limited,2026-12-05,https://cci.gov.in/images/pressrelease/en/press-release1778591470.pdf,47daff4d59a281b7.pdf
18986ff6dbbbbd33,press_release,36,CCI approves acquisition of Kenvue Inc. by Kimberly-Clark Corporation,2026-12-05,https://cci.gov.in/images/pressrelease/en/press-release1778591530.pdf,18986ff6dbbbbd33.pdf
675a6256d78141ff,press_release,37,Commission approves acquisition of 100% share capital of GVK Energy Limited (Target) by Adani Power Limited (Acquirer),2026-12-05,https://cci.gov.in/images/pressrelease/en/press-release1778591594.pdf,675a6256d78141ff.pdf
c74f87bdc102488f,press_release,38,Commission approves the acquisition of 7.14% stake in Llyods Engineering Works Limited by Thriveni Earthmovers Private Limited and merger of three entities into Lloyds Engineering Works Limited.,2026-12-05,https://cci.gov.in/images/pressrelease/en/press-release1778591678.pdf,c74f87bdc102488f.pdf
f31bfbb273481008,press_release,39,"CCI approves proposed merger of A1 Agri Global Limited, B.N. Agritech Limited and Salasar Balaji Overseas Private Limited into BN Agrochem Limited.",2026-04-28,https://cci.gov.in/images/pressrelease/en/press-release1777382050.pdf,f31bfbb273481008.pdf
5bf4591eff02d4fa,press_release,40,"CCI approves acquisition of certain equity share capital of Avendus Capital Private Limited by Mizuho Securities Co., Ltd. on a fully diluted basis",2026-04-28,https://cci.gov.in/images/pressrelease/en/press-release1777382121.pdf,5bf4591eff02d4fa.pdf
678f0ec124ebebc4,press_release,51,"CCI approves the merger of Chess Merger Sub, a wholly owned subsidiary of Coursera Inc., with and into Udemy Inc.",2026-03-25,https://cci.gov.in/images/pressrelease/en/press-release1774443955.pdf,678f0ec124ebebc4.pdf
9256276ac64b8f45,press_release,52,Commission approves the acquisition of certain shares in Shriram Finance Limited (Target) by MUFG Bank Ltd. (Acquirer),2026-03-25,https://cci.gov.in/images/pressrelease/en/press-release1774444068.pdf,9256276ac64b8f45.pdf
188cd67e62cbb152,press_release,53,"CCI approves acquisition of shareholding of Groww Asset Management Limited by State Street Global Advisors, Inc.",2026-03-25,https://cci.gov.in/images/pressrelease/en/press-release1774444168.pdf,188cd67e62cbb152.pdf
3eb5203ae0633b7e,press_release,54,Commission approves acquisition of (i) certain additional shareholding in Baby Memorial Hospital Limited (BMH) by Bentley Asia Holdings II Pte. Ltd. (Bentley); and (ii) the subsequent acquisition by BMH of certain shareholding in Unimed Health Care Private Limited (Unimed) by way of a secondary purchase.,2026-03-17,https://cci.gov.in/images/pressrelease/en/press-release1773750902.pdf,3eb5203ae0633b7e.pdf
cf1801c1a04d33c9,press_release,55,Commission approves acquisition of a certain stake in Curefit Healthcare Private Limited (Target) by MacRitchie Investments Pte. Ltd. (Acquirer),2026-10-03,https://cci.gov.in/images/pressrelease/en/press-release1773148710.pdf,cf1801c1a04d33c9.pdf
726af02b0167dd3b,press_release,56,"CCI approves the proposed acquisition by Cube V of the road asset business(es) of DYIPL, DVIPL, DGIPL and DTEHPL",2026-10-03,https://cci.gov.in/images/pressrelease/en/press-release1773148818.pdf,726af02b0167dd3b.pdf
0dedc0953903ae10,press_release,57,CCI approves the proposed combination inter alia involving acquisition of certain stake by Bagmane Prime Office REIT of Bagmane Developers Private Limited and others (directly/ indirectly).,2026-03-03,https://cci.gov.in/images/pressrelease/en/press-release1772539678.pdf,0dedc0953903ae10.pdf
12371c93a60940b5,press_release,58,CCI approves acquisition of certain shareholding in Balaji Wafers Private Limited by General Atlantic Singapore BWP Pte. Ltd.,2026-03-03,https://cci.gov.in/images/pressrelease/en/press-release1772539711.pdf,12371c93a60940b5.pdf
ea99129b90ab8ba1,press_release,59,CCI approves acquisition of additional shareholding in Generali Central Insurance Company Limited and Generali Central Life Insurance Company Limited by Central Bank of India.,2026-03-03,https://cci.gov.in/images/pressrelease/en/press-release1772539746.pdf,ea99129b90ab8ba1.pdf
8d7a9c4fad172a96,press_release,60,CCI approves the proposed Merger of Hinduja Leyland Finance Limited with and into NDL Ventures Limited,2026-02-17,https://cci.gov.in/images/pressrelease/en/press-release1771332412.pdf,8d7a9c4fad172a96.pdf
25e6013db45f970f,press_release,61,Commission approves internal reorganization of Bennett Coleman & Company Limited’s (BCCL) certain businesses etc. into Times Horizon Private Limited (THPL) on a going concern basis.,2026-02-17,https://cci.gov.in/images/pressrelease/en/press-release1771332509.pdf,25e6013db45f970f.pdf
81748705d32db4dd,press_release,62,Commission approves acquisition of portfolio management services business of Axis Securities Limited by Axis Asset Management Company Limited,2026-02-17,https://cci.gov.in/images/pressrelease/en/press-release1771332616.pdf,81748705d32db4dd.pdf
63e7626a88a1d277,press_release,63,CCI imposes penalty on Intel Corporation for its India Specific Warranty Policy in respect of Boxed Microprocessors,2026-12-02,https://cci.gov.in/images/pressrelease/en/press-release1770895387.pdf,63e7626a88a1d277.pdf
b325ce24838d501c,press_release,64,CCI approves the proposed acquisition of minority shareholding of ~6.63% of Valuedrive Technologies Private Limited by the Fidelity Funds,2026-12-02,https://cci.gov.in/images/pressrelease/en/press-release1770898416.pdf,b325ce24838d501c.pdf
237ee78b2f2b6cf7,press_release,65,Commission approves the proposed combination involving Amundi Asset Management S.A.S. (Acquirer) and ICG Plc (Target),2026-12-02,https://cci.gov.in/images/pressrelease/en/press-release1770898475.pdf,237ee78b2f2b6cf7.pdf
1fca66423ce536ca,press_release,66,Commission approves acquisition of low voltage motor business of Siemens Limited by Innomotics India Private Limited.,2026-12-02,,1fca66423ce536ca.pdf
b9341d5131e12374,press_release,67,Commission approves acquisition of certain shareholding of Aadhar Housing Finance Limited (Target) by AXDI LDII SPV 1 LTD (Acquirer).,2026-03-02,https://cci.gov.in/images/pressrelease/en/press-release1770123418.pdf,b9341d5131e12374.pdf
2d522f3afa924cc5,press_release,68,Commission approves subscription to 15.01% equity shareholding of Ambit Wealth Private Limited (Target) by Daiwa International Holdings Inc. (Acquirer).,2026-03-02,https://cci.gov.in/images/pressrelease/en/press-release1770123503.pdf,2d522f3afa924cc5.pdf
18760d07d1806bb8,press_release,69,CCI approves the proposed acquisition of certain shareholding (on a fully diluted basis) of Haldiram Snacks Food Private Limited by L Catterton India Fund,2026-03-02,https://cci.gov.in/images/pressrelease/en/press-release1770123612.pdf,18760d07d1806bb8.pdf
00fe16c8172ce0b0,press_release,70,CCI approves the proposed acquisition of certain unitholding in National Highways Infra Trust by Nitro Asia Holdings II Pte. Ltd.,2026-01-27,https://cci.gov.in/images/pressrelease/en/press-release1769519509.pdf,00fe16c8172ce0b0.pdf
fab60bcee30c19df,press_release,71,"Commission approves acquisition of certain shareholding of Toyota Industries Corporation by Elliott Associates, L.P., Elliott International, L.P., and The Liverpool Limited Partnership (Acquirers)",2026-01-27,https://cci.gov.in/images/pressrelease/en/press-release1769519585.pdf,fab60bcee30c19df.pdf
17ce2485c12a44b2,press_release,72,Commission approves acquisition of certain equity stake in Apollo Health and Lifestyle Limited (Target) by Apollo Hospitals Enterprise Limited (Acquirer),2026-01-20,https://cci.gov.in/images/pressrelease/en/press-release1768914488.pdf,17ce2485c12a44b2.pdf
88352167bdd9089e,press_release,73,CCI approves the proposed acquisition of certain shareholding in RBL Bank Limited by Emirates NBD Bank (P.J.S.C.),2026-01-20,https://cci.gov.in/images/pressrelease/en/press-release1768914611.pdf,88352167bdd9089e.pdf
313adc1016fefc0f,press_release,74,"Commission approves the proposed combination between Bhushan Power and Steel Limited (BPSL), JSW Sambalpur Steel Limited (JSW Sambalpur), JFE Steel Corporation (JFE) and JSW Kalinga Steel Limited (JSW Kalinga).",2026-01-20,https://cci.gov.in/images/pressrelease/en/press-release1768914746.pdf,313adc1016fefc0f.pdf
afc9be16b4575c95,press_release,75,Commission approves acquisition of 50.01% equity share capital of Thriveni Pellets Private Limited by Tata Steel Limited,2026-01-20,https://cci.gov.in/images/pressrelease/en/press-release1768914952.pdf,afc9be16b4575c95.pdf
9f358e9eb6ed97e1,press_release,76,"Commission approves acquisition by ChrysCapital Fund X, Two Infinity Partners and Blue wave Investments Limited, collectively, of certain equity share capital in Nash Industries (I) Private Limited",2026-01-13,https://cci.gov.in/images/pressrelease/en/press-release1768308307.pdf,9f358e9eb6ed97e1.pdf
d655886852731b9c,press_release,77,Commission approves proposed acquisition of certain additional shareholding in Roppen Transportation Services Private Limited by MIH Investments One B.V.,2026-06-01,https://cci.gov.in/images/pressrelease/en/press-release1767708920.pdf,d655886852731b9c.pdf
22f104e178575aea,press_release,78,Commission approves acquisition of Krosaki Harima Corporation by Nippon Steel Corporation,2026-06-01,https://cci.gov.in/images/pressrelease/en/press-release1767708989.pdf,22f104e178575aea.pdf
59d4ff0d74b5e7bf,press_release,79,"CCI directs M/s KKK Mills, Ludhiana and M/s Sankeshwar Synthetics Pvt. Ltd, Ludhiana to cease and desist from anti-competitive practices.",2026-05-01,https://cci.gov.in/images/pressrelease/en/press-release1767604950.pdf,59d4ff0d74b5e7bf.pdf
