"id","date","title","link","pdf_link","pdf_filename","pdf_downloaded","created_at","source_commit","category","error"
"2fa894c429b4646250b7cf82062cdbb7620e5c79","2015","Notifications under Finance Act- Merger of FMC with SEBI","https://www.sebi.gov.in/legal/acts/aug-2015/notifications-under-finance-act-2015-merger-of-fmc-with-sebi_30609.html","https://www.sebi.gov.in/pdf/guidelines-of-data-sharing-final.pdf","Act_Notifications under Finance Act- Merger of FMC with SEBI.pdf","no","2025-12-17T13:18:11.774133Z","c68320ae8f23054bde905bf8dbaa77a9263bec6d","Act",""
"a5b42a939e73e22b81f8f83c359072eaba796cfa","2015","The Finance Act.","https://www.sebi.gov.in/legal/acts/may-2015/the-finance-act-2015_33066.html","https://www.sebi.gov.in/pdf/guidelines-of-data-sharing-final.pdf","Act_The Finance Act..pdf","no","2025-12-17T13:18:16.268226Z","c68320ae8f23054bde905bf8dbaa77a9263bec6d","Act",""
"05b74328e8f0d28ddafcc1aa7b66ee28b66aafc8","2014","Securities Laws (Amendment) Act.","https://www.sebi.gov.in/legal/acts/aug-2014/securities-laws-amendment-act-2014_27855.html","https://www.sebi.gov.in/pdf/guidelines-of-data-sharing-final.pdf","Act_Securities Laws (Amendment) Act..pdf","no","2025-12-17T13:18:21.129926Z","c68320ae8f23054bde905bf8dbaa77a9263bec6d","Act",""
"2bf6688fd70e4dbda6e72ca8e995a5b2ef08225c","1996","Depositories Act 1996 (as amended by the International Financial Services Centres Authority Act, 2019 w.e.f. October 01, 2020)","https://www.sebi.gov.in/legal/acts/sep-1995/depositories-act-1996-as-amended-by-the-international-financial-services-centres-authority-act-2019-w-e-f-october-01-2020-_1.html","https://www.sebi.gov.in/pdf/guidelines-of-data-sharing-final.pdf","Act_Depositories Act 1996 (as amended by the International Financial Services Centres Authority Act, 2019 w.e.f. October 01, 2020).pdf","no","2025-12-17T13:18:25.578762Z","c68320ae8f23054bde905bf8dbaa77a9263bec6d","Act",""
"895d0c2b4f94eafcb3f4167266917f62e376b102","1992","Securities and Exchange Board of India Act, 1992 (As amended by the Finance Act, 2021 (13 of 2021) w.e.f. April 1, 2021)","https://www.sebi.gov.in/legal/acts/jan-1992/securities-and-exchange-board-of-india-act-1992-as-amended-by-the-finance-act-2021-13-of-2021-w-e-f-april-1-2021-_3.html","https://www.sebi.gov.in/pdf/guidelines-of-data-sharing-final.pdf","Act_Securities and Exchange Board of India Act, 1992 (As amended by the Finance Act, 2021 (13 of 2021) w.e.f. April 1, 2021).pdf","no","2025-12-17T13:18:30.029986Z","c68320ae8f23054bde905bf8dbaa77a9263bec6d","Act",""
"400e8d8740e854f4a57810f6c3bbe261c7b89b4a","1956","Securities Contracts (Regulation) Act, 1956 (As amended by the Finance Act, 2021 (13 of 2021) w.e.f. April 1, 2021)","https://www.sebi.gov.in/legal/acts/apr-2021/securities-contracts-regulation-act-1956-as-amended-by-the-finance-act-2021-13-of-2021-w-e-f-april-1-2021-_49750.html","https://www.sebi.gov.in/pdf/guidelines-of-data-sharing-final.pdf","Act_Securities Contracts (Regulation) Act, 1956 (As amended by the Finance Act, 2021 (13 of 2021) w.e.f. April 1, 2021).pdf","no","2025-12-17T13:18:34.928402Z","c68320ae8f23054bde905bf8dbaa77a9263bec6d","Act",""
"5ebe9068553557be6354ef747578611948a09065","2021","SEBI (Annual Report) Rules, 2021","https://www.sebi.gov.in/legal/rules/mar-2021/sebi-annual-report-rules-2021_49611.html","https://www.sebi.gov.in/pdf/guidelines-of-data-sharing-final.pdf","Rule_SEBI (Annual Report) Rules, 2021.pdf","no","2025-12-17T13:18:47.522653Z","c68320ae8f23054bde905bf8dbaa77a9263bec6d","Rule",""
"379c46ee5e4f64ad74589fdaf13af384ca6a12c2","2014","Companies (Issue of Global Depositories Receipts) Rules, 2014","https://www.sebi.gov.in/legal/rules/mar-2014/companies-issue-of-global-depositories-receipts-rules-2014_34607.html","https://www.sebi.gov.in/pdf/guidelines-of-data-sharing-final.pdf","Rule_Companies (Issue of Global Depositories Receipts) Rules, 2014.pdf","no","2025-12-17T13:18:51.974945Z","c68320ae8f23054bde905bf8dbaa77a9263bec6d","Rule",""
"74173c699e56af73db2099f8e4e8adefd9719eb0","2014","Companies (Prospectus and Allotment of Securities) Rules, 2014","https://www.sebi.gov.in/legal/rules/apr-2014/companies-prospectus-and-allotment-of-securities-rules-2014_34655.html","https://www.sebi.gov.in/pdf/guidelines-of-data-sharing-final.pdf","Rule_Companies (Prospectus and Allotment of Securities) Rules, 2014.pdf","no","2025-12-17T13:18:56.777247Z","c68320ae8f23054bde905bf8dbaa77a9263bec6d","Rule",""
"2ece0bc6da05e5d82c25c7eaf0f534a902857424","2014","Companies (Share Capital and debentures) Rules, 2014","https://www.sebi.gov.in/legal/rules/apr-2014/companies-share-capital-and-debentures-rules-2014_34656.html","https://www.sebi.gov.in/pdf/guidelines-of-data-sharing-final.pdf","Rule_Companies (Share Capital and debentures) Rules, 2014.pdf","no","2025-12-17T13:19:02.030025Z","c68320ae8f23054bde905bf8dbaa77a9263bec6d","Rule",""
"d26c68fa7413f047fe46285f5770b9cae855e0e7","2005","Depositories (Procedure for Holding Inquiry and Imposing Penalties) Rules, 2005 [Last amended on December 31, 2021]","https://www.sebi.gov.in/legal/rules/dec-2021/depositories-procedure-for-holding-inquiry-and-imposing-penalties-rules-2005-last-amended-on-december-31-2021-_55388.html","https://www.sebi.gov.in/pdf/guidelines-of-data-sharing-final.pdf","Rule_Depositories (Procedure for Holding Inquiry and Imposing Penalties) Rules, 2005 [Last amended on December 31, 2021].pdf","no","2025-12-17T13:19:06.932046Z","c68320ae8f23054bde905bf8dbaa77a9263bec6d","Rule",""
"a3fd77cbd5436c2fc01012e9c1ddd1e682aa4f27","2005","Securities Contracts (Regulations) (Procedure for Holding Inquiry and Imposing Penalties) Rules, 2005 [Last amended on December 31, 2021]","https://www.sebi.gov.in/legal/rules/dec-2021/securities-contracts-regulations-procedure-for-holding-inquiry-and-imposing-penalties-rules-2005-last-amended-on-december-31-2021-_55395.html","https://www.sebi.gov.in/pdf/guidelines-of-data-sharing-final.pdf","Rule_Securities Contracts (Regulations) (Procedure for Holding Inquiry and Imposing Penalties) Rules, 2005 [Last amended on December 31, 2021].pdf","no","2025-12-17T13:19:11.824260Z","c68320ae8f23054bde905bf8dbaa77a9263bec6d","Rule",""
"c7a29d65affda1c71c85186e4740570e55f76d3c","2004","Securities Transaction Tax Rules, 2004","https://www.sebi.gov.in/legal/rules/oct-2004/securities-transaction-tax-rules-2004_34672.html","https://www.sebi.gov.in/pdf/guidelines-of-data-sharing-final.pdf","Rule_Securities Transaction Tax Rules, 2004.pdf","no","2025-12-17T13:19:16.776694Z","c68320ae8f23054bde905bf8dbaa77a9263bec6d","Rule",""
"1741cfa973ff7b05faf9db58a2d592f593f3f690","2003","Securities Appellate Tribunal (Salaries, Allowances and other Terms and Conditions of Presiding Officer and other Members) Rules, 2003","https://www.sebi.gov.in/legal/rules/mar-2004/securities-appellate-tribunal-salaries-allowances-and-other-terms-and-conditions-of-presiding-officer-and-other-members-rules-2003_34666.html","https://www.sebi.gov.in/pdf/guidelines-of-data-sharing-final.pdf","Rule_Securities Appellate Tribunal (Salaries, Allowances and other Terms and Conditions of Presiding Officer and other Members) Rules, 2003.pdf","no","2025-12-17T13:19:21.737028Z","c68320ae8f23054bde905bf8dbaa77a9263bec6d","Rule",""
"9de7cf5096b22b84704e42c9627925ca96680c6e","2000","Depositories (Appeal to Securities Appellate Tribunal) Rules, 2000","https://www.sebi.gov.in/legal/rules/feb-2000/depositories-appeal-to-securities-appellate-tribunal-rules-2000_13538.html","https://www.sebi.gov.in/pdf/guidelines-of-data-sharing-final.pdf","Rule_Depositories (Appeal to Securities Appellate Tribunal) Rules, 2000.pdf","no","2025-12-17T13:19:26.675590Z","c68320ae8f23054bde905bf8dbaa77a9263bec6d","Rule",""
"eebabd78cf4537324d8b5afc309e1d8e3d1cd8ec","2000","Securities Appellate Tribunal (Procedure) Rules, 2000","https://www.sebi.gov.in/legal/rules/feb-2000/securities-appellate-tribunal-procedure-rules-2000_34665.html","https://www.sebi.gov.in/pdf/guidelines-of-data-sharing-final.pdf","Rule_Securities Appellate Tribunal (Procedure) Rules, 2000.pdf","no","2025-12-17T13:19:31.179526Z","c68320ae8f23054bde905bf8dbaa77a9263bec6d","Rule",""
"e6de1084ea648695f0b402d005d1916b3eb83742","2025","Securities and Exchange Board of India (Procedure for making, amending and reviewing of Regulations) Regulations, 2025","https://www.sebi.gov.in/legal/regulations/feb-2025/securities-and-exchange-board-of-india-procedure-for-making-amending-and-reviewing-of-regulations-regulations-2025_91954.html","https://www.sebi.gov.in/pdf/guidelines-of-data-sharing-final.pdf","Regulation_Securities and Exchange Board of India (Procedure for making, amending and reviewing of Regulations) Regulations, 2025.pdf","no","2025-12-17T13:19:40.877352Z","c68320ae8f23054bde905bf8dbaa77a9263bec6d","Regulation",""
"493957602a987f41b692c3866406690ce460d202","2025","Securities and Exchange Board of India (Registrars to an Issue and Share Transfer Agents) Regulations, 2025","https://www.sebi.gov.in/legal/regulations/feb-2025/securities-and-exchange-board-of-india-registrars-to-an-issue-and-share-transfer-agents-regulations-1993-last-amended-on-february-10-2025-_92412.html","https://www.sebi.gov.in/pdf/guidelines-of-data-sharing-final.pdf","Regulation_Securities and Exchange Board of India (Registrars to an Issue and Share Transfer Agents) Regulations, 2025.pdf","no","2025-12-17T13:19:45.781138Z","c68320ae8f23054bde905bf8dbaa77a9263bec6d","Regulation",""
"20b8ec8073bd2cb4109f1ea48c9d3934a479eacd","2024","Securities and Exchange Board of India (Index Providers) Regulations, 2024 [Last amended on November 28, 2024]","https://www.sebi.gov.in/legal/regulations/nov-2024/securities-and-exchange-board-of-india-index-providers-regulations-2024-last-amended-on-november-28-2024-_89268.html","https://www.sebi.gov.in/pdf/guidelines-of-data-sharing-final.pdf","Regulation_Securities and Exchange Board of India (Index Providers) Regulations, 2024 [Last amended on November 28, 2024].pdf","no","2025-12-17T13:19:50.784198Z","c68320ae8f23054bde905bf8dbaa77a9263bec6d","Regulation",""
"d583099287026976723b795cd1d89858dbd1935b","2021","Securities and Exchange Board of India (Delisting of Equity Shares) Regulations, 2021 [Last amended on September 3, 2025]","https://www.sebi.gov.in/legal/regulations/sep-2025/securities-and-exchange-board-of-india-delisting-of-equity-shares-regulations-2021-last-amended-on-september-3-2025-_96548.html","https://www.sebi.gov.in/pdf/guidelines-of-data-sharing-final.pdf","Regulation_Securities and Exchange Board of India (Delisting of Equity Shares) Regulations, 2021 [Last amended on September 3, 2025].pdf","no","2025-12-17T13:19:55.329932Z","c68320ae8f23054bde905bf8dbaa77a9263bec6d","Regulation",""
"82e6ecefc554324b7e1380139ce4934dedab2d74","2021","Securities and Exchange Board of India (Issue and Listing of Non-Convertible Securities) Regulations, 2021 [Last amended on October 28, 2025]","https://www.sebi.gov.in/legal/regulations/oct-2025/securities-and-exchange-board-of-india-issue-and-listing-of-non-convertible-securities-regulations-2021-last-amended-on-october-28-2025-_97902.html","https://www.sebi.gov.in/pdf/guidelines-of-data-sharing-final.pdf","Regulation_Securities and Exchange Board of India (Issue and Listing of Non-Convertible Securities) Regulations, 2021 [Last amended on October 28, 2025].pdf","no","2025-12-17T13:20:00.532584Z","c68320ae8f23054bde905bf8dbaa77a9263bec6d","Regulation",""
"fda0ae071dd5b6440dbce43526ac4e1481dff21c","2021","Securities and Exchange Board of India (Share Based Employee Benefits and Sweat Equity) Regulations, 2021 [Last amended on September 8, 2025]","https://www.sebi.gov.in/legal/regulations/sep-2025/securities-and-exchange-board-of-india-share-based-employee-benefits-and-sweat-equity-regulations-2021-last-amended-on-september-8-2025-_96528.html","https://www.sebi.gov.in/pdf/guidelines-of-data-sharing-final.pdf","Regulation_Securities and Exchange Board of India (Share Based Employee Benefits and Sweat Equity) Regulations, 2021 [Last amended on September 8, 2025].pdf","no","2025-12-17T13:20:05.437598Z","c68320ae8f23054bde905bf8dbaa77a9263bec6d","Regulation",""
"f113fd92c5833f8fda87f136063e82e9fdeafcc4","2021","Securities and Exchange Board of India (Vault Managers) Regulations, 2021 [Last amended on February 10, 2025]","https://www.sebi.gov.in/legal/regulations/feb-2025/securities-and-exchange-board-of-india-vault-managers-regulations-2021-last-amended-on-february-10-2025-_92416.html","https://www.sebi.gov.in/pdf/guidelines-of-data-sharing-final.pdf","Regulation_Securities and Exchange Board of India (Vault Managers) Regulations, 2021 [Last amended on February 10, 2025].pdf","no","2025-12-17T13:20:10.274714Z","c68320ae8f23054bde905bf8dbaa77a9263bec6d","Regulation",""
"30ceee19fd70bf3ec10c5797085b3cee852cbc57","2020","Securities and Exchange Board of India (Portfolio Managers) Regulations, 2020 [Last amended on September 03, 2025]","https://www.sebi.gov.in/legal/regulations/sep-2025/securities-and-exchange-board-of-india-portfolio-managers-regulations-2020-last-amended-on-september-03-2025-_96560.html","https://www.sebi.gov.in/pdf/guidelines-of-data-sharing-final.pdf","Regulation_Securities and Exchange Board of India (Portfolio Managers) Regulations, 2020 [Last amended on September 03, 2025].pdf","no","2025-12-17T13:20:15.137953Z","c68320ae8f23054bde905bf8dbaa77a9263bec6d","Regulation",""
"7f41bf6fa86486476fb7c07084df0a12fec047d8","2019","Securities and Exchange Board of India (Foreign Portfolio Investors) Regulations, 2019 [Last amended on December 3, 2025]","https://www.sebi.gov.in/legal/regulations/dec-2025/securities-and-exchange-board-of-india-foreign-portfolio-investors-regulations-2019-last-amended-on-december-3-2025-_98240.html","https://www.sebi.gov.in/pdf/guidelines-of-data-sharing-final.pdf","Regulation_Securities and Exchange Board of India (Foreign Portfolio Investors) Regulations, 2019 [Last amended on December 3, 2025].pdf","no","2025-12-17T13:20:19.976430Z","c68320ae8f23054bde905bf8dbaa77a9263bec6d","Regulation",""
"43445a8510a00bcb45d1198df1a0c4aae3513ab7","2018","Securities and Exchange Board of India (Appointment of Administrator and Procedure for Refunding to the Investors) Regulations, 2018","https://www.sebi.gov.in/legal/regulations/oct-2018/securities-and-exchange-board-of-india-appointment-of-administrator-and-procedure-for-refunding-to-the-investors-regulations-2018_40621.html","https://www.sebi.gov.in/pdf/guidelines-of-data-sharing-final.pdf","Regulation_Securities and Exchange Board of India (Appointment of Administrator and Procedure for Refunding to the Investors) Regulations, 2018.pdf","no","2025-12-17T13:20:24.824023Z","c68320ae8f23054bde905bf8dbaa77a9263bec6d","Regulation",""
"d22b09909882ccc2ea3410ac5834f296c5ec88a7","Feb 05, 2020","SEBI (Issuing Observations On Draft Offer Documents Pending Regulatory Actions) Order, 2020","https://www.sebi.gov.in/legal/general-orders/feb-2020/sebi-issuing-observations-on-draft-offer-documents-pending-regulatory-actions-order-2020_45903.html","https://www.sebi.gov.in/pdf/guidelines-of-data-sharing-final.pdf","General_Order_SEBI (Issuing Observations On Draft Offer Documents Pending Regulatory Actions) Order, 2020.pdf","no","2025-12-17T13:20:33.325936Z","c68320ae8f23054bde905bf8dbaa77a9263bec6d","General_Order",""
"49e291d31b04868d8e52868d6d5e1d33021d19db","Jul 20, 2015","SEBI (Prohibition on Raising Further Capital From Public and Transfer of Securities of Suspended Companies) Order, 2015.","https://www.sebi.gov.in/legal/general-orders/jul-2015/sebi-prohibition-on-raising-further-capital-from-public-and-transfer-of-securities-of-suspended-companies-order-2015-_30292.html","https://www.sebi.gov.in/pdf/guidelines-of-data-sharing-final.pdf","General_Order_SEBI (Prohibition on Raising Further Capital From Public and Transfer of Securities of Suspended Companies) Order, 2015..pdf","no","2025-12-17T13:20:38.174225Z","c68320ae8f23054bde905bf8dbaa77a9263bec6d","General_Order",""
"71089160707db8193535f28058ccbe97ef54092f","Oct 09, 2012","SEBI (Framework For Rejection Of Draft Offer Documents) Order, 2012","https://www.sebi.gov.in/legal/general-orders/oct-2012/sebi-framework-for-rejection-of-draft-offer-documents-order-2012_23618.html","https://www.sebi.gov.in/pdf/guidelines-of-data-sharing-final.pdf","General_Order_SEBI (Framework For Rejection Of Draft Offer Documents) Order, 2012.pdf","no","2025-12-17T13:20:42.975684Z","c68320ae8f23054bde905bf8dbaa77a9263bec6d","General_Order",""
"41f53a4dea1804ac687e0a979081c673a0c48990","Mar 31, 2008","Amendment to SEBI's General Order No.1of 2006","https://www.sebi.gov.in/legal/general-orders/mar-2008/amendment-to-sebi-s-general-order-no-1of-2006_6379.html","https://www.sebi.gov.in/pdf/guidelines-of-data-sharing-final.pdf","General_Order_Amendment to SEBI's General Order No.1of 2006.pdf","no","2025-12-17T13:20:47.831708Z","c68320ae8f23054bde905bf8dbaa77a9263bec6d","General_Order",""
"4e3bd51ff3345a4bf52f94407c18d86c7b3931d7","Dec 08, 2006","SEBI (Issuing Observations on Draft Offer Documents Pending Regulatory Actions) Order, 2006","https://www.sebi.gov.in/legal/general-orders/dec-2006/sebi-issuing-observations-on-draft-offer-documents-pending-regulatory-actions-order-2006_14845.html","https://www.sebi.gov.in/pdf/guidelines-of-data-sharing-final.pdf","General_Order_SEBI (Issuing Observations on Draft Offer Documents Pending Regulatory Actions) Order, 2006.pdf","no","2025-12-17T13:20:52.276069Z","c68320ae8f23054bde905bf8dbaa77a9263bec6d","General_Order",""
"5faf6a41aa10f34f9983811400026faf628d4794","Nov 18, 2025","Securities and Exchange Board of India (Informal Guidance) Scheme, 2025","https://www.sebi.gov.in/legal/guidelines/nov-2025/securities-and-exchange-board-of-india-informal-guidance-scheme-2025_98006.html","https://www.sebi.gov.in/pdf/guidelines-of-data-sharing-final.pdf","Guideline_Securities and Exchange Board of India (Informal Guidance) Scheme, 2025.pdf","no","2025-12-17T13:21:00.127703Z","c68320ae8f23054bde905bf8dbaa77a9263bec6d","Guideline",""
"fc2ed4dd51af419789d6fa48fff67b4435afa156","Mar 08, 2023","Securities and Exchange Board of India (Grant of Reward to Informant under Recovery Proceedings) Guidelines, 2023","https://www.sebi.gov.in/legal/guidelines/mar-2023/securities-and-exchange-board-of-india-grant-of-reward-to-informant-under-recovery-proceedings-guidelines-2023_68778.html","https://www.sebi.gov.in/sebi_data/commondocs/apr-2024/List%20of%20matters%20to%20be%20published_DTR%20Match%20Informant%20-%20for%20Mar%202024%20updat..._p.pdf","Guideline_Securities and Exchange Board of India (Grant of Reward to Informant under Recovery Proceedings) Guidelines, 2023.pdf","no","2025-12-17T13:21:05.078067Z","c68320ae8f23054bde905bf8dbaa77a9263bec6d","Guideline",""
"a42f677b779b90a945d6a92b972750fe95dfaa69","Mar 27, 2015","SEBI (International Financial Services Centres) Guidelines, 2015","https://www.sebi.gov.in/legal/guidelines/mar-2015/sebi-international-financial-services-centres-guidelines-2015_29457.html","https://www.sebi.gov.in/pdf/guidelines-of-data-sharing-final.pdf","Guideline_SEBI (International Financial Services Centres) Guidelines, 2015.pdf","no","2025-12-17T13:21:09.877631Z","c68320ae8f23054bde905bf8dbaa77a9263bec6d","Guideline",""
"fe12cf73fe7734e65d3d5d4de6d6bf887b3fa60d","Sep 03, 2009","SEBI (Employee Stock Option Scheme and Employee Stock Purchase Scheme) Guidelines, 1999 (As updated upto 3rd September 2009)","https://www.sebi.gov.in/legal/guidelines/sep-2009/sebi-employee-stock-option-scheme-and-employee-stock-purchase-scheme-guidelines-1999-as-updated-upto-3rd-september-2009-_3838.html","https://www.sebi.gov.in/pdf/guidelines-of-data-sharing-final.pdf","Guideline_SEBI (Employee Stock Option Scheme and Employee Stock Purchase Scheme) Guidelines, 1999 (As updated upto 3rd September 2009).pdf","no","2025-12-17T13:21:14.318971Z","c68320ae8f23054bde905bf8dbaa77a9263bec6d","Guideline",""
"c8cbec99f0000b8b5f365bb7ab2c3e2faa6bb054","Aug 20, 2009","SEBI (DIP) Guidelines updated upto August 20, 2009","https://www.sebi.gov.in/legal/guidelines/aug-2009/sebi-dip-guidelines-updated-upto-august-20-2009_4161.html","https://www.sebi.gov.in/pdf/guidelines-of-data-sharing-final.pdf","Guideline_SEBI (DIP) Guidelines updated upto August 20, 2009.pdf","no","2025-12-17T13:21:18.827105Z","c68320ae8f23054bde905bf8dbaa77a9263bec6d","Guideline",""
"4bddfc74b5545ea77347e63c7a18b84b21fde612","Aug 11, 2009","SEBI (Aid for Legal Proceedings) Guidelines, 2009","https://www.sebi.gov.in/legal/guidelines/aug-2009/sebi-aid-for-legal-proceedings-guidelines-2009_4159.html","https://www.sebi.gov.in/pdf/guidelines-of-data-sharing-final.pdf","Guideline_SEBI (Aid for Legal Proceedings) Guidelines, 2009.pdf","no","2025-12-17T13:21:23.329797Z","c68320ae8f23054bde905bf8dbaa77a9263bec6d","Guideline",""
"6a4ca23696d5a80261b2ee0c690eb86650e52e90","Jul 31, 2009","SEBI (DIP) Guidelines updated upto July 31, 2009","https://www.sebi.gov.in/legal/guidelines/jul-2009/sebi-dip-guidelines-updated-upto-july-31-2009_4407.html","https://www.sebi.gov.in/pdf/guidelines-of-data-sharing-final.pdf","Guideline_SEBI (DIP) Guidelines updated upto July 31, 2009.pdf","no","2025-12-17T13:21:27.821776Z","c68320ae8f23054bde905bf8dbaa77a9263bec6d","Guideline",""
"4abab06344b9fef24f2a53fa608bc13a68c09743","Jul 09, 2009","SEBI (DIP) Guidelines updated upto July 9, 2009","https://www.sebi.gov.in/legal/guidelines/jul-2009/sebi-dip-guidelines-updated-upto-july-9-2009_4403.html","https://www.sebi.gov.in/pdf/guidelines-of-data-sharing-final.pdf","Guideline_SEBI (DIP) Guidelines updated upto July 9, 2009.pdf","no","2025-12-17T13:21:32.682538Z","c68320ae8f23054bde905bf8dbaa77a9263bec6d","Guideline",""
"4864cfca94339c17cdddcc85cb9aeca9f104d7eb","Apr 20, 2009","SEBI (DIP) Guidelines updated upto April 20, 2009","https://www.sebi.gov.in/legal/guidelines/apr-2009/sebi-dip-guidelines-updated-upto-april-20-2009_5084.html","https://www.sebi.gov.in/pdf/guidelines-of-data-sharing-final.pdf","Guideline_SEBI (DIP) Guidelines updated upto April 20, 2009.pdf","no","2025-12-17T13:21:37.179855Z","c68320ae8f23054bde905bf8dbaa77a9263bec6d","Guideline",""
"a895444f5d6ae8cecb91e1cb37b929b2848fb6ae","Feb 24, 2009","(Disclosure and Investor Protection) Guidelines 2000 [updated upto Feb 24, 2009 ]","https://www.sebi.gov.in/legal/guidelines/feb-2009/-disclosure-and-investor-protection-guidelines-2000-updated-upto-feb-24-2009-_5434.html","https://www.sebi.gov.in/pdf/guidelines-of-data-sharing-final.pdf","Guideline_(Disclosure and Investor Protection) Guidelines 2000 [updated upto Feb 24, 2009 ].pdf","no","2025-12-17T13:21:41.977246Z","c68320ae8f23054bde905bf8dbaa77a9263bec6d","Guideline",""
"c152fbcc54871d1a0211923560859c011e9036bc","Oct 15, 2025","Master Circular for issue and listing of Non-convertible Securities, Securitised Debt Instruments, Security Receipts, Municipal Debt Securities and Commercial Paper","https://www.sebi.gov.in/legal/master-circulars/oct-2025/master-circular-for-issue-and-listing-of-non-convertible-securities-securitised-debt-instruments-security-receipts-municipal-debt-securities-and-commercial-paper_97343.html","https://www.sebi.gov.in/pdf/guidelines-of-data-sharing-final.pdf","Master_Circular_Master Circular for issue and listing of Non-convertible Securities, Securitised Debt Instruments, Security Receipts, Municipal Debt Securities and Co.pdf","no","2025-12-17T13:21:50.375599Z","c68320ae8f23054bde905bf8dbaa77a9263bec6d","Master_Circular",""
"4477ef2ff1950c72b7ee302e5fa437e0f40d181b","Aug 13, 2025","Master Circular for Debenture Trustees (DTs)","https://www.sebi.gov.in/legal/master-circulars/aug-2025/master-circular-for-debenture-trustees-dts-_96073.html","https://www.sebi.gov.in/pdf/guidelines-of-data-sharing-final.pdf","Master_Circular_Master Circular for Debenture Trustees (DTs).pdf","no","2025-12-17T13:21:55.176923Z","c68320ae8f23054bde905bf8dbaa77a9263bec6d","Master_Circular",""
"fbc0b6b2df9d252006003b370d7958eca4a25c2d","Jul 16, 2025","Master Circular for Portfolio Managers","https://www.sebi.gov.in/legal/master-circulars/jul-2025/master-circular-for-portfolio-managers_95347.html","https://www.sebi.gov.in/pdf/guidelines-of-data-sharing-final.pdf","Master_Circular_Master Circular for Portfolio Managers.pdf","no","2025-12-17T13:22:00.071778Z","c68320ae8f23054bde905bf8dbaa77a9263bec6d","Master_Circular",""
"1e2eb2911f08e993228ad5152d46d46cbd6f3072","Jul 11, 2025","Master Circular for Infrastructure Investment Trusts (InvITs)","https://www.sebi.gov.in/legal/master-circulars/jul-2025/master-circular-for-infrastructure-investment-trusts-invits-_95233.html","https://www.sebi.gov.in/pdf/guidelines-of-data-sharing-final.pdf","Master_Circular_Master Circular for Infrastructure Investment Trusts (InvITs).pdf","no","2025-12-17T13:22:04.826180Z","c68320ae8f23054bde905bf8dbaa77a9263bec6d","Master_Circular",""
"7bd7cd5023afa87af511ad0bf4f75ad2ec990d39","Jul 11, 2025","Master Circular for Real Estate Investment Trusts (REITs)","https://www.sebi.gov.in/legal/master-circulars/jul-2025/master-circular-for-real-estate-investment-trusts-reits-_95232.html","https://www.sebi.gov.in/pdf/guidelines-of-data-sharing-final.pdf","Master_Circular_Master Circular for Real Estate Investment Trusts (REITs).pdf","no","2025-12-17T13:22:09.284344Z","c68320ae8f23054bde905bf8dbaa77a9263bec6d","Master_Circular",""
"7d86e99d3b2bf16e8ecfccf506a0a28fe8bdbfc7","Jul 11, 2025","Master Circular for listing obligations and disclosure requirements for Non-convertible Securities, Securitized Debt Instruments and/ or Commercial Paper","https://www.sebi.gov.in/legal/master-circulars/jul-2025/master-circular-for-listing-obligations-and-disclosure-requirements-for-non-convertible-securities-securitized-debt-instruments-and-or-commercial-paper_95230.html","https://www.sebi.gov.in/pdf/guidelines-of-data-sharing-final.pdf","Master_Circular_Master Circular for listing obligations and disclosure requirements for Non-convertible Securities, Securitized Debt Instruments and_ or Commercial Pa.pdf","no","2025-12-17T13:22:14.177430Z","c68320ae8f23054bde905bf8dbaa77a9263bec6d","Master_Circular",""
"3e97a29b30022871d4d00f43f26f73972c449f46","Jul 11, 2025","Master Circular for Credit Rating Agencies (CRAs)","https://www.sebi.gov.in/legal/master-circulars/jul-2025/master-circular-for-credit-rating-agencies-cras-_95221.html","https://www.sebi.gov.in/pdf/guidelines-of-data-sharing-final.pdf","Master_Circular_Master Circular for Credit Rating Agencies (CRAs).pdf","no","2025-12-17T13:22:19.084735Z","c68320ae8f23054bde905bf8dbaa77a9263bec6d","Master_Circular",""
"db8a2aa8f4e53ad5e4a7756c9c0d81a75164cd41","Jul 11, 2025","Master Circular for ESG Rating Providers (ERPs)","https://www.sebi.gov.in/legal/master-circulars/jul-2025/master-circular-for-esg-rating-providers-erps-_95219.html","https://www.sebi.gov.in/pdf/guidelines-of-data-sharing-final.pdf","Master_Circular_Master Circular for ESG Rating Providers (ERPs).pdf","no","2025-12-17T13:22:23.574234Z","c68320ae8f23054bde905bf8dbaa77a9263bec6d","Master_Circular",""
"d6ae33396036174d6764bd2790829c52f2031a31","Jun 27, 2025","Master Circular for Research Analysts","https://www.sebi.gov.in/legal/master-circulars/jun-2025/master-circular-for-research-analysts_94840.html","https://www.sebi.gov.in/pdf/guidelines-of-data-sharing-final.pdf","Master_Circular_Master Circular for Research Analysts.pdf","no","2025-12-17T13:22:28.486817Z","c68320ae8f23054bde905bf8dbaa77a9263bec6d","Master_Circular",""
"e4df4e3a5cf69971bb32a137c63f1c4d53c2b202","Jun 27, 2025","Master Circular for Investment Advisers","https://www.sebi.gov.in/legal/master-circulars/jun-2025/master-circular-for-investment-advisers_94821.html","https://www.sebi.gov.in/pdf/guidelines-of-data-sharing-final.pdf","Master_Circular_Master Circular for Investment Advisers.pdf","no","2025-12-17T13:22:32.875346Z","c68320ae8f23054bde905bf8dbaa77a9263bec6d","Master_Circular",""
"ccf4342151ae7c0cbbd620c2bf2bf421b0766cd8","Dec 16, 2025","Mandating periodic disclosure requirements- Securitised Debt Instruments (SDIs)","https://www.sebi.gov.in/legal/circulars/dec-2025/mandating-periodic-disclosure-requirements-securitised-debt-instruments-sdis-_98409.html","https://www.sebi.gov.in/pdf/guidelines-of-data-sharing-final.pdf","Circular_Mandating periodic disclosure requirements- Securitised Debt Instruments (SDIs).pdf","no","2025-12-17T13:22:41.537698Z","c68320ae8f23054bde905bf8dbaa77a9263bec6d","Circular",""
"6f397701066a958f7faafbb0eb0311e1fdf94240","Dec 12, 2025","Provisions relating to Strengthening Governance of Market Infrastructure Institutions (MIIs)","https://www.sebi.gov.in/legal/circulars/dec-2025/provisions-relating-to-strengthening-governance-of-market-infrastructure-institutions-miis-_98329.html","https://www.sebi.gov.in/pdf/guidelines-of-data-sharing-final.pdf","Circular_Provisions relating to Strengthening Governance of Market Infrastructure Institutions (MIIs).pdf","no","2025-12-17T13:22:46.488251Z","c68320ae8f23054bde905bf8dbaa77a9263bec6d","Circular",""
"0c293d4566903fc39052cd2a5c03ed1cd867b748","Dec 11, 2025","Deferment of timeline for implementation of Phase III of Nomination Circular dated January 10, 2025 read with Circular dated February 28, 2025 and July 30, 2025","https://www.sebi.gov.in/legal/circulars/dec-2025/deferment-of-timeline-for-implementation-of-phase-iii-of-nomination-circular-dated-january-10-2025-read-with-circular-dated-february-28-2025-and-july-30-2025_98314.html","https://www.sebi.gov.in/pdf/guidelines-of-data-sharing-final.pdf","Circular_Deferment of timeline for implementation of Phase III of Nomination Circular dated January 10, 2025 read with Circular dated February 28, 2025 and Jul.pdf","no","2025-12-17T13:22:51.034382Z","c68320ae8f23054bde905bf8dbaa77a9263bec6d","Circular",""
"cfe0c9a1da7aa8e91523af725d4e7e5eeb627d62","Dec 10, 2025","Relaxation on geo tagging requirement in India for NRIs while undertaking re-KYC","https://www.sebi.gov.in/legal/circulars/dec-2025/relaxation-on-geo-tagging-requirement-in-india-for-nris-while-undertaking-re-kyc_98284.html","https://www.sebi.gov.in/pdf/guidelines-of-data-sharing-final.pdf","Circular_Relaxation on geo tagging requirement in India for NRIs while undertaking re-KYC.pdf","no","2025-12-17T13:22:56.133404Z","c68320ae8f23054bde905bf8dbaa77a9263bec6d","Circular",""
"b649059b6ecbfc97dd508c3e05432062c602ae67","Dec 08, 2025","Modalities for migration to AI only schemes and relaxations to Large Value Funds for Accredited Investors under SEBI (Alternative Investment Funds) Regulations, 2012","https://www.sebi.gov.in/legal/circulars/dec-2025/modalities-for-migration-to-ai-only-schemes-and-relaxations-to-large-value-funds-for-accredited-investors-under-sebi-alternative-investment-funds-regulations-2012_98244.html","https://www.sebi.gov.in/pdf/guidelines-of-data-sharing-final.pdf","Circular_Modalities for migration to AI only schemes and relaxations to Large Value Funds for Accredited Investors under SEBI (Alternative Investment Funds) Re.pdf","no","2025-12-17T13:23:00.680297Z","c68320ae8f23054bde905bf8dbaa77a9263bec6d","Circular",""
"f9ec7505581f516120a8264821baf9e8a63f382a","Dec 08, 2025","Clarification on the Digital Accessibility circulars of SEBI","https://www.sebi.gov.in/legal/circulars/dec-2025/clarification-on-the-digital-accessibility-circulars-of-sebi_98238.html","https://www.sebi.gov.in/pdf/guidelines-of-data-sharing-final.pdf","Circular_Clarification on the Digital Accessibility circulars of SEBI.pdf","no","2025-12-17T13:23:05.636053Z","c68320ae8f23054bde905bf8dbaa77a9263bec6d","Circular",""
"5b3344015c25ddf23a8cd0ff78e13aa742a53bb8","Nov 28, 2025","Reclassification of Real Estate Investment Trusts (REITs) as equity related instruments for facilitating enhanced participation by Mutual Funds and Specialized Investment Funds (SIFs)","https://www.sebi.gov.in/legal/circulars/nov-2025/reclassification-of-real-estate-investment-trusts-reits-as-equity-related-instruments-for-facilitating-enhanced-participation-by-mutual-funds-and-specialized-investment-funds-sifs-_98031.html","https://www.sebi.gov.in/pdf/guidelines-of-data-sharing-final.pdf","Circular_Reclassification of Real Estate Investment Trusts (REITs) as equity related instruments for facilitating enhanced participation by Mutual Funds and Sp.pdf","no","2025-12-17T13:23:10.217213Z","c68320ae8f23054bde905bf8dbaa77a9263bec6d","Circular",""
"f9dc7c913648d388534e1b7e30a05e22f8488d7c","Nov 27, 2025","Additional incentives to distributors for onboarding new individual investors from B-30 cities and women investors","https://www.sebi.gov.in/legal/circulars/nov-2025/additional-incentives-to-distributors-for-onboarding-new-individual-investors-from-b-30-cities-and-women-investors_98007.html","https://www.sebi.gov.in/pdf/guidelines-of-data-sharing-final.pdf","Circular_Additional incentives to distributors for onboarding new individual investors from B-30 cities and women investors.pdf","no","2025-12-17T13:23:15.181427Z","c68320ae8f23054bde905bf8dbaa77a9263bec6d","Circular",""
"5b77d60803e4a13c74c293c49d724728a88adb3c","Nov 25, 2025","Specification of the terms and conditions for Debenture Trustees for carrying out activities outside the purview of SEBI","https://www.sebi.gov.in/legal/circulars/nov-2025/specification-of-the-terms-and-conditions-for-debenture-trustees-for-carrying-out-activities-outside-the-purview-of-sebi_97944.html","https://www.sebi.gov.in/pdf/guidelines-of-data-sharing-final.pdf","Circular_Specification of the terms and conditions for Debenture Trustees for carrying out activities outside the purview of SEBI.pdf","no","2025-12-17T13:23:20.040593Z","c68320ae8f23054bde905bf8dbaa77a9263bec6d","Circular",""
"feeb34edf80992669550a259f625b4d9f75d4414","Nov 25, 2025","Modifications to Chapter IV of the Master Circular for Debenture Trustees dated August 13, 2025","https://www.sebi.gov.in/legal/circulars/nov-2025/modifications-to-chapter-iv-of-the-master-circular-for-debenture-trustees-dated-august-13-2025_97943.html","https://www.sebi.gov.in/pdf/guidelines-of-data-sharing-final.pdf","Circular_Modifications to Chapter IV of the Master Circular for Debenture Trustees dated August 13, 2025.pdf","no","2025-12-17T13:23:24.777546Z","c68320ae8f23054bde905bf8dbaa77a9263bec6d","Circular",""
"3a7b067de9a1c617bfab5e68c298989cd40f9362","Dec 18, 2025","Modification in the conditions specified for reduction in denomination of debt securities","https://www.sebi.gov.in/legal/circulars/dec-2025/modification-in-the-conditions-specified-for-reduction-in-denomination-of-debt-securities_98463.html","https://www.sebi.gov.in/pdf/guidelines-of-data-sharing-final.pdf","Circular_Modification in the conditions specified for reduction in denomination of debt securities.pdf","no","2025-12-18T14:58:58.143191Z","8c5a0fdbb53ea3c0d218d4647fa8009ea43ae0f6","Circular",""
"720fd62300daa60ecc83d59fa384040b3d0a1754","01-01-2025","Securities and Exchange Board of India (Registrars to an Issue and Share Transfer Agents) Regulations, 2025","https://www.sebi.gov.in/legal/regulations/dec-2025/securities-and-exchange-board-of-india-registrars-to-an-issue-and-share-transfer-agents-regulations-2025_98477.html","https://www.sebi.gov.in/pdf/guidelines-of-data-sharing-final.pdf","Regulation_Securities and Exchange Board of India (Registrars to an Issue and Share Transfer Agents) Regulations, 2025.pdf","no","2025-12-22T07:55:49.091837Z","7743299be513ef4ea32630edb63f340402ea7ec6","Regulation",""
"3f99fac057c9ebfd3eb7331b26928f6b4e7edc06","01-01-2021","Securities and Exchange Board of India (Share Based Employee Benefits and Sweat Equity) Regulations, 2021 [Last amended on December 4, 2025]","https://www.sebi.gov.in/legal/regulations/dec-2025/securities-and-exchange-board-of-india-share-based-employee-benefits-and-sweat-equity-regulations-2021-last-amended-on-december-4-2025-_98638.html","https://www.sebi.gov.in/pdf/guidelines-of-data-sharing-final.pdf","Regulation_Securities and Exchange Board of India (Share Based Employee Benefits and Sweat Equity) Regulations, 2021 [Last amended on December 4, 2025].pdf","no","2025-12-24T10:54:27.095414Z","71d7d30b3770a02cbecce7b7b608b252ec6261f9","Regulation",""
"b3212a700a187e1285c902814a8f55e37d3f6b3f","Dec 24, 2025","Ease of doing investment - Review of simplification of procedure and standardization of formats of documents for issuance of duplicate certificates","https://www.sebi.gov.in/legal/circulars/dec-2025/ease-of-doing-investment-review-of-simplification-of-procedure-and-standardization-of-formats-of-documents-for-issuance-of-duplicate-certificates_98668.html","https://www.sebi.gov.in/pdf/guidelines-of-data-sharing-final.pdf","Circular_Ease of doing investment - Review of simplification of procedure and standardization of formats of documents for issuance of duplicate certificates.pdf","no","2025-12-24T14:52:46.053112Z","24b9f46a5384a7ff75bddae30ebf4daa837df6fe","Circular",""
"54e6a103718f4a1e2ed84926b94ac3b18537467a","Dec 24, 2025","Ease of investments and ease of doing business measures – enhancing the ‘Facility for Basic Services Demat Account (BSDA)’","https://www.sebi.gov.in/legal/circulars/dec-2025/ease-of-investments-and-ease-of-doing-business-measures-enhancing-the-facility-for-basic-services-demat-account-bsda-_98667.html","https://www.sebi.gov.in/pdf/guidelines-of-data-sharing-final.pdf","Circular_Ease of investments and ease of doing business measures – enhancing the ‘Facility for Basic Services Demat Account (BSDA)’.pdf","no","2025-12-24T14:52:51.088020Z","24b9f46a5384a7ff75bddae30ebf4daa837df6fe","Circular",""
"451bc6dafae9d73fb38af86cbf6edae214e48d70","Dec 30, 2025","Certification requirement for Compliance Officers of Managers of AIFs","https://www.sebi.gov.in/legal/circulars/dec-2025/certification-requirement-for-compliance-officers-of-managers-of-aifs_98744.html","https://www.sebi.gov.in/pdf/guidelines-of-data-sharing-final.pdf","Circular_Certification requirement for Compliance Officers of Managers of AIFs.pdf","no","2025-12-30T14:56:12.855559Z","fa0a3379c62b3f38cdc549c7787d26f5be81f2cd","Circular",""
"212e0cdaa12693866f8c8d8264caa33f80ff7088","Jan 02, 2026","Specification of the consequential requirements with respect to Amendment of Securities and Exchange Board of India (Merchant Bankers) Regulations, 1992","https://www.sebi.gov.in/legal/circulars/jan-2026/specification-of-the-consequential-requirements-with-respect-to-amendment-of-securities-and-exchange-board-of-india-merchant-bankers-regulations-1992_98831.html","https://www.sebi.gov.in/pdf/guidelines-of-data-sharing-final.pdf","Circular_Specification of the consequential requirements with respect to Amendment of Securities and Exchange Board of India (Merchant Bankers) Regulations, 19.pdf","no","2026-01-02T14:54:35.319842Z","494ceffce71e21e19fa10a777237a39e34d2c992","Circular",""
"226bd9dc86dfeefc2b1edb6e2685bd249c8d0229","Jan 07, 2026","Extension of timeline for implementation of additional incentives structure for distributors for onboarding new individual investors from B-30 cities and women investors","https://www.sebi.gov.in/legal/circulars/jan-2026/extension-of-timeline-for-implementation-of-additional-incentives-structure-for-distributors-for-onboarding-new-individual-investors-from-b-30-cities-and-women-investors_98962.html","https://www.sebi.gov.in/pdf/guidelines-of-data-sharing-final.pdf","Circular_Extension of timeline for implementation of additional incentives structure for distributors for onboarding new individual investors from B-30 cities .pdf","no","2026-01-07T15:00:53.741197Z","b09d21d2d3e27d454847b8eb25df9bbc58f6b6e1","Circular",""
"fd03e8af6930e116dc5bc879a06d134c30c9a84e","01-01-2026","Securities and Exchange Board of India (Stock Brokers) Regulations, 2026","https://www.sebi.gov.in/legal/regulations/jan-2026/securities-and-exchange-board-of-india-stock-brokers-regulations-2026_98974.html","https://www.sebi.gov.in/pdf/guidelines-of-data-sharing-final.pdf","Regulation_Securities and Exchange Board of India (Stock Brokers) Regulations, 2026.pdf","no","2026-01-08T07:03:45.433553Z","fd3aa87d6b6b93cc927980fcc72071eb688b46f0","Regulation",""
"bbb7b5e7b380f7d02b521dd0b22736a73708d983","Jan 08, 2026","Compliance Reporting Formats for Specialized Investment Funds (SIFs)","https://www.sebi.gov.in/legal/circulars/jan-2026/compliance-reporting-formats-for-specialized-investment-funds-sifs-_98987.html","https://www.sebi.gov.in/pdf/guidelines-of-data-sharing-final.pdf","Circular_Compliance Reporting Formats for Specialized Investment Funds (SIFs).pdf","no","2026-01-08T15:02:02.581233Z","dd93def730094b855d9df5f6c8756d40161a2c8e","Circular",""
"7061018d1c352a148f49e3e80c9494231eb11833","Jan 09, 2026","Review of Framework to address the ‘technical glitches’ in Stock Brokers’ Electronic Trading Systems","https://www.sebi.gov.in/legal/circulars/jan-2026/review-of-framework-to-address-the-technical-glitches-in-stock-brokers-electronic-trading-systems_99006.html","https://www.sebi.gov.in/pdf/guidelines-of-data-sharing-final.pdf","Circular_Review of Framework to address the ‘technical glitches’ in Stock Brokers’ Electronic Trading Systems.pdf","no","2026-01-09T15:04:11.275552Z","f1da29ec6c0f49f73c39434cc922b5dae6ad1bf8","Circular",""
"4459b263315e098b5573d4a1b12335255f09f8c8","Jan 09, 2026","Simplification of requirements for grant of accreditation to investors","https://www.sebi.gov.in/legal/circulars/jan-2026/simplification-of-requirements-for-grant-of-accreditation-to-investors_99005.html","https://www.sebi.gov.in/pdf/guidelines-of-data-sharing-final.pdf","Circular_Simplification of requirements for grant of accreditation to investors.pdf","no","2026-01-09T15:04:16.259560Z","f1da29ec6c0f49f73c39434cc922b5dae6ad1bf8","Circular",""
"fa305b0b4454f3d973dd743a83cf6b056da89ad2","01-01-2026","Securities and Exchange Board of India (Mutual Funds) Regulations, 2026","https://www.sebi.gov.in/legal/regulations/jan-2026/securities-and-exchange-board-of-india-mutual-funds-regulations-2026_99091.html","https://www.sebi.gov.in/pdf/guidelines-of-data-sharing-final.pdf","Regulation_Securities and Exchange Board of India (Mutual Funds) Regulations, 2026.pdf","no","2026-01-16T06:58:08.027744Z","a33aceb90c37125d798500d9b1920d6bba0373be","Regulation",""
"55b64d68ab1051f3c3ff196a1847c3df24acfe6d","Jan 16, 2026","Single Window Automatic and Generalised Access for Trusted Foreign Investors (SWAGAT-FI)” framework for FPIs and FVCIs","https://www.sebi.gov.in/legal/circulars/jan-2026/single-window-automatic-and-generalised-access-for-trusted-foreign-investors-swagat-fi-framework-for-fpis-and-fvcis_99107.html","https://www.sebi.gov.in/pdf/guidelines-of-data-sharing-final.pdf","Circular_Single Window Automatic and Generalised Access for Trusted Foreign Investors (SWAGAT-FI)” framework for FPIs and FVCIs.pdf","no","2026-01-16T14:51:54.063502Z","a3656937da1de1c1f6d7d1c4ed44dd0cbb4ec613","Circular",""
"b5e916ed309acfc979d2f67a65103f8bd271bcc8","Jan 16, 2026","Single Window Automatic and Generalised Access for Trusted Foreign Investors (SWAGAT-FI) framework for FPIs and FVCIs","https://www.sebi.gov.in/legal/circulars/jan-2026/single-window-automatic-and-generalised-access-for-trusted-foreign-investors-swagat-fi-framework-for-fpis-and-fvcis_99106.html","https://www.sebi.gov.in/pdf/guidelines-of-data-sharing-final.pdf","Circular_Single Window Automatic and Generalised Access for Trusted Foreign Investors (SWAGAT-FI) framework for FPIs and FVCIs.pdf","no","2026-01-16T14:51:59.513400Z","a3656937da1de1c1f6d7d1c4ed44dd0cbb4ec613","Circular",""
"476c72c9cb0fda49a3e0fe4995c44e1c7da315f2","Jan 16, 2026","Introduction of Closing Auction Session (CAS) in the Equity Cash Segment and certain modifications in the Pre-Open Auction Session","https://www.sebi.gov.in/legal/circulars/jan-2026/introduction-of-closing-auction-session-cas-in-the-equity-cash-segment-and-certain-modifications-in-the-pre-open-auction-session_99122.html","https://www.sebi.gov.in/pdf/guidelines-of-data-sharing-final.pdf","Circular_Introduction of Closing Auction Session (CAS) in the Equity Cash Segment and certain modifications in the Pre-Open Auction Session.pdf","no","2026-01-17T03:44:57.707089Z","6328dda54621a8f68b71973bd97eba1080a8e604","Circular",""
"aec5c06aeea0b91189b65ffd037be1bb9c1baf2f","Jan 19, 2026","Master Circular for Framework on Social Stock Exchange.","https://www.sebi.gov.in/legal/master-circulars/jan-2026/master-circular-for-framework-on-social-stock-exchange-_99166.html","https://www.sebi.gov.in/pdf/guidelines-of-data-sharing-final.pdf","Master_Circular_Master Circular for Framework on Social Stock Exchange..pdf","no","2026-01-20T14:58:48.750339Z","19629c5fa66ffcffd6cf7b472c18d2bdaf8ef522","Master_Circular",""
"7e9260756eb69fdb5d490c7f8d9853787fbe4a82","01-01-2026","Securities and Exchange Board of India (Mutual Funds) Regulations, 2026","https://www.sebi.gov.in/legal/regulations/jan-2026/securities-and-exchange-board-of-india-mutual-funds-regulations-2026_99173.html","https://www.sebi.gov.in/pdf/guidelines-of-data-sharing-final.pdf","Regulation_Securities and Exchange Board of India (Mutual Funds) Regulations, 2026.pdf","no","2026-01-21T10:57:02.206229Z","f7ec9d63126d43b4d1ed8d022070a9b2f310b8e8","Regulation",""
"f6fe8b1961a4c5f739c8739970fdd07049b8e6b0","01-01-2021","Securities and Exchange Board of India (Issue and Listing of Non-Convertible Securities) Regulations, 2021 [Last amended on January 21, 2026]","https://www.sebi.gov.in/legal/regulations/jan-2026/securities-and-exchange-board-of-india-issue-and-listing-of-non-convertible-securities-regulations-2021-amended-as-on-january-21-2026-_99288.html","https://www.sebi.gov.in/pdf/guidelines-of-data-sharing-final.pdf","Regulation_Securities and Exchange Board of India (Issue and Listing of Non-Convertible Securities) Regulations, 2021 [Last amended on January 21, 2026].pdf","no","2026-01-23T10:53:21.338856Z","545f4a63ee7ca118bfc302c105da4bb585a516d9","Regulation",""
"c689d3e33770e21dd20aa942acbd6d3049225996","Jan 30, 2026","Master Circular for compliance with the provisions of the Securities and Exchange Board of India (Listing Obligations and Disclosure Requirements) Regulations, 2015 by listed entities","https://www.sebi.gov.in/legal/master-circulars/jan-2026/master-circular-for-compliance-with-the-provisions-of-the-securities-and-exchange-board-of-india-listing-obligations-and-disclosure-requirements-regulations-2015-by-listed-entities_99432.html","https://www.sebi.gov.in/pdf/guidelines-of-data-sharing-final.pdf","Master_Circular_Master Circular for compliance with the provisions of the Securities and Exchange Board of India (Listing Obligations and Disclosure Requirements) Reg.pdf","no","2026-01-30T15:04:20.705906Z","96eacd66966fedf72ba0d27f42fa86ca3ee1b7d8","Master_Circular",""
"4340e2451a806981db9dbfcf7889e54aca639d81","Jan 30, 2026","Ease of Doing Investment and Ease of Doing Business – Doing away with requirement of issuance of Letter of Confirmation (“LOC”) and to effect direct credit of securities in dematerialisation account of the investor","https://www.sebi.gov.in/legal/circulars/jan-2026/ease-of-doing-investment-and-ease-of-doing-business-doing-away-with-requirement-of-issuance-of-letter-of-confirmation-loc-and-to-effect-direct-credit-of-securities-in-dematerialisation-account-o-_99421.html","https://www.sebi.gov.in/pdf/guidelines-of-data-sharing-final.pdf","Circular_Ease of Doing Investment and Ease of Doing Business – Doing away with requirement of issuance of Letter of Confirmation (“LOC”) and to effect direct c.pdf","no","2026-01-30T15:04:30.884519Z","96eacd66966fedf72ba0d27f42fa86ca3ee1b7d8","Circular",""
"909e033c530d5fbc97d1e17077af9b0e905b58d4","Jan 30, 2026","Ease of Doing Investment – Special Window for Transfer and Dematerialisation of Physical Securities","https://www.sebi.gov.in/legal/circulars/jan-2026/ease-of-doing-investment-special-window-for-transfer-and-dematerialisation-of-physical-securities_99411.html","https://www.sebi.gov.in/pdf/guidelines-of-data-sharing-final.pdf","Circular_Ease of Doing Investment – Special Window for Transfer and Dematerialisation of Physical Securities.pdf","no","2026-01-30T15:04:36.018250Z","96eacd66966fedf72ba0d27f42fa86ca3ee1b7d8","Circular",""
"d18556f3f753b29d3d6b1fb54538a10ff747cf4c","Feb 04, 2026","Revision of Order-to-Trade Ratio (OTR) framework","https://www.sebi.gov.in/legal/circulars/feb-2026/revision-of-order-to-trade-ratio-otr-framework_99501.html","https://www.sebi.gov.in/pdf/guidelines-of-data-sharing-final.pdf","Circular_Revision of Order-to-Trade Ratio (OTR) framework.pdf","no","2026-02-04T15:10:39.501163Z","be07d02c84e571dcc33e4d5bede5689c8c824a73","Circular",""
"9b269a84e03c39277319dbff0d5735f6b0dc409e","Feb 05, 2026","Review of Calendar Spread margin benefit in Single stock derivatives on expiry day","https://www.sebi.gov.in/legal/circulars/feb-2026/review-of-calendar-spread-margin-benefit-in-single-stock-derivatives-on-expiry-day_99533.html","https://www.sebi.gov.in/pdf/guidelines-of-data-sharing-final.pdf","Circular_Review of Calendar Spread margin benefit in Single stock derivatives on expiry day.pdf","no","2026-02-05T11:10:12.111864Z","6c4cd182db93bbec2e4a8b6a32699828545f4544","Circular",""
"91ac5cee22332d313d197864d645ba97520d81f0","Feb 05, 2026","Creation/Invocation of pledge of securities through depository system.","https://www.sebi.gov.in/legal/circulars/feb-2026/creation-invocation-of-pledge-of-securities-through-depository-system-_99546.html","https://www.sebi.gov.in/pdf/guidelines-of-data-sharing-final.pdf","Circular_Creation_Invocation of pledge of securities through depository system..pdf","no","2026-02-05T15:11:48.102795Z","52d38bd285039776af3e44976d14bf8245b403f3","Circular",""
"d61a55dcdae2bbe183bc81a50654d6bf779333c5","Feb 06, 2026","Master Circular for Registrars to an Issue and Share Transfer Agents","https://www.sebi.gov.in/legal/master-circulars/feb-2026/master-circular-for-registrars-to-an-issue-and-share-transfer-agents_99567.html","https://www.sebi.gov.in/pdf/guidelines-of-data-sharing-final.pdf","Master_Circular_Master Circular for Registrars to an Issue and Share Transfer Agents.pdf","no","2026-02-06T11:08:50.412290Z","7968ae042dda7e307ac1413083a6ece3dae96b11","Master_Circular",""
"a9e8a8b0efa460a6e12bf47e81b6160cf58859b1","Feb 06, 2026","Reporting of value of units of Alternative Investment Funds (AIFs) to Depositories","https://www.sebi.gov.in/legal/circulars/feb-2026/reporting-of-value-of-units-of-alternative-investment-funds-aifs-to-depositories_99568.html","https://www.sebi.gov.in/pdf/guidelines-of-data-sharing-final.pdf","Circular_Reporting of value of units of Alternative Investment Funds (AIFs) to Depositories.pdf","no","2026-02-06T11:08:59.652659Z","7968ae042dda7e307ac1413083a6ece3dae96b11","Circular",""
"b60b3c233420c5db36379a9346870cff5d29529a","Feb 06, 2026","Master Circular for Research Analysts","https://www.sebi.gov.in/legal/master-circulars/feb-2026/master-circular-for-research-analysts_99571.html","https://www.sebi.gov.in/pdf/guidelines-of-data-sharing-final.pdf","Master_Circular_Master Circular for Research Analysts.pdf","no","2026-02-06T15:10:04.941198Z","b374fbd7261d9a030b5ef0554d1218bc6aa1b8b3","Master_Circular",""
"4d33cb24a750f87d004a7a94b1c6e82acd53b570","Feb 06, 2026","Master Circular for Investment Advisers","https://www.sebi.gov.in/legal/master-circulars/feb-2026/master-circular-for-investment-advisers_99569.html","https://www.sebi.gov.in/pdf/guidelines-of-data-sharing-final.pdf","Master_Circular_Master Circular for Investment Advisers.pdf","no","2026-02-06T15:10:10.662002Z","b374fbd7261d9a030b5ef0554d1218bc6aa1b8b3","Master_Circular",""
"ebe68256cda7524b01013ff1b4d453b29644dec2","Feb 09, 2026","Master Circular for Issue of Capital and Disclosure Requirements","https://www.sebi.gov.in/legal/master-circulars/feb-2026/master-circular-for-issue-of-capital-and-disclosure-requirements_99611.html","https://www.sebi.gov.in/pdf/guidelines-of-data-sharing-final.pdf","Master_Circular_Master Circular for Issue of Capital and Disclosure Requirements.pdf","no","2026-02-09T11:27:07.790176Z","6c9b30001e3c053e84481d786af61528a9d08e97","Master_Circular",""
"650e54c2700990f72cb60d1fc295ec62a45ad4f4","Feb 10, 2026","Obligations on CRAs while undertaking rating of financial instruments falling under the purview of any other Financial Sector Regulator","https://www.sebi.gov.in/legal/circulars/feb-2026/obligations-on-cras-while-undertaking-rating-of-financial-instruments-falling-under-the-purview-of-any-other-financial-sector-regulator_99670.html","https://www.sebi.gov.in/pdf/guidelines-of-data-sharing-final.pdf","Circular_Obligations on CRAs while undertaking rating of financial instruments falling under the purview of any other Financial Sector Regulator.pdf","no","2026-02-10T15:43:50.934916Z","06b7a7c6f2f19b48a98dcc7c0865342bd0c55973","Circular",""
"d55085a91e626e4d3f54d189e2367d848391224e","Feb 11, 2026","Capacity Planning and Real Time Performance Monitoring framework for Commodity Derivatives Segment of Market Infrastructure Institutions (MIIs)","https://www.sebi.gov.in/legal/circulars/feb-2026/capacity-planning-and-real-time-performance-monitoring-framework-for-commodity-derivatives-segment-of-market-infrastructure-institutions-miis-_99703.html","https://www.sebi.gov.in/pdf/guidelines-of-data-sharing-final.pdf","Circular_Capacity Planning and Real Time Performance Monitoring framework for Commodity Derivatives Segment of Market Infrastructure Institutions (MIIs).pdf","no","2026-02-11T15:35:10.303883Z","63576a617226d0b2fdeb29df7d90998527cbbf97","Circular",""
"a7d938cd795bbe434627854d8304c244be22a710","Feb 17, 2026","Circular on Forms for registration of stock brokers and clearing members","https://www.sebi.gov.in/legal/circulars/feb-2026/circular-on-forms-for-registration-of-stock-brokers-and-clearing-members_99814.html","https://www.sebi.gov.in/pdf/guidelines-of-data-sharing-final.pdf","Circular_Circular on Forms for registration of stock brokers and clearing members.pdf","no","2026-02-17T15:26:51.301483Z","c78fe44afe6e2f7475abd74d7d0b1081c1acde01","Circular",""
"6ee106322b649cfbbf13dd2cd2050f8c6a90f90c","Feb 26, 2026","Categorization and Rationalization of Mutual Fund Schemes","https://www.sebi.gov.in/legal/circulars/feb-2026/categorization-and-rationalization-of-mutual-fund-schemes_99983.html","https://www.sebi.gov.in/pdf/guidelines-of-data-sharing-final.pdf","Circular_Categorization and Rationalization of Mutual Fund Schemes.pdf","no","2026-02-26T04:29:22.097803Z","37b718b4a22d376fded7916883363e38370ffed6","Circular",""
"41fb02357a92a170932caf1cc720db9ae9ca3e28","Feb 26, 2026","Ease of Doing Investment (EoDI)- Disclosure of registered name and registration number by SEBI regulated entities and their agents on Social Media Platforms (SMPs)","https://www.sebi.gov.in/legal/circulars/feb-2026/ease-of-doing-investment-eodi-disclosure-of-registered-name-and-registration-number-by-sebi-regulated-entities-and-their-agents-on-social-media-platforms-smps-_100005.html","https://www.sebi.gov.in/pdf/guidelines-of-data-sharing-final.pdf","Circular_Ease of Doing Investment (EoDI)- Disclosure of registered name and registration number by SEBI regulated entities and their agents on Social Media Pla.pdf","no","2026-02-26T11:24:06.942702Z","e9bc3762e1525bc85048f294179f0de5eebd359f","Circular",""
"d22c359d9967e3ae9b0f8923703ef278d79ae57c","Feb 26, 2026","Valuation of physical Gold and Silver held by mutual fund schemes","https://www.sebi.gov.in/legal/circulars/feb-2026/valuation-of-physical-gold-and-silver-held-by-mutual-fund-schemes_100001.html","https://www.sebi.gov.in/pdf/guidelines-of-data-sharing-final.pdf","Circular_Valuation of physical Gold and Silver held by mutual fund schemes.pdf","no","2026-02-26T11:24:13.533997Z","e9bc3762e1525bc85048f294179f0de5eebd359f","Circular",""
"e862aa03289ff051308c407b29b62b32913f6ee0","Feb 27, 2026","Revised Norms for appointment of an independent third-party reviewer/ certifier for green debt security","https://www.sebi.gov.in/legal/circulars/feb-2026/revised-norms-for-appointment-of-an-independent-third-party-reviewer-certifier-for-green-debt-security_100043.html","https://www.sebi.gov.in/pdf/guidelines-of-data-sharing-final.pdf","Circular_Revised Norms for appointment of an independent third-party reviewer_ certifier for green debt security.pdf","no","2026-02-27T15:08:10.179153Z","86375ad9e570baa317f91c77e280defc2933b39a","Circular",""
"d8f31529161c8cb4a1539cc4c8c91b06c10f5ab7","Mar 04, 2026","Regulatory Reporting by AIFs","https://www.sebi.gov.in/legal/circulars/mar-2026/regulatory-reporting-by-aifs_100120.html","https://www.sebi.gov.in/pdf/guidelines-of-data-sharing-final.pdf","Circular_Regulatory Reporting by AIFs.pdf","no","2026-03-04T15:06:30.226231Z","2388d8f53f813e9a14f971a2642082ad2fe81642","Circular",""
"cdc32b7a1ac15f65d412aac02cb884351efe0de0","Mar 04, 2026","Guidelines for Custodians","https://www.sebi.gov.in/legal/circulars/mar-2026/guidelines-for-custodians_100118.html","https://www.sebi.gov.in/pdf/guidelines-of-data-sharing-final.pdf","Circular_Guidelines for Custodians.pdf","no","2026-03-04T15:06:33.611434Z","2388d8f53f813e9a14f971a2642082ad2fe81642","Circular",""
"48fca6dc706561077ebccd4a2f24b7afdbfb584f","Mar 06, 2026","Introduction of Voluntary Lock-in / Debit freeze facility to Mutual Fund folios","https://www.sebi.gov.in/legal/circulars/mar-2026/introduction-of-voluntary-lock-in-debit-freeze-facility-to-mutual-fund-folios_100159.html","https://www.sebi.gov.in/pdf/guidelines-of-data-sharing-final.pdf","Circular_Introduction of Voluntary Lock-in _ Debit freeze facility to Mutual Fund folios.pdf","no","2026-03-06T15:05:45.852927Z","3c07a23fce94ea7a6c239d50b8e64e57eee0452e","Circular",""
"29a7c3d710524c2ebe15bd7cfd66ecb953cab309","Mar 11, 2026","Ease of Doing Business – Relaxation in certification requirement for Persons Associated with Research Services (PARS) – Sales and other non-core services","https://www.sebi.gov.in/legal/circulars/mar-2026/ease-of-doing-business-relaxation-in-certification-requirement-for-persons-associated-with-research-services-pars-sales-and-other-non-core-services_100249.html","https://www.sebi.gov.in/pdf/guidelines-of-data-sharing-final.pdf","Circular_Ease of Doing Business – Relaxation in certification requirement for Persons Associated with Research Services (PARS) – Sales and other non-core servi.pdf","no","2026-03-11T11:08:12.655268Z","6df3f6c9afc0bfcba70f436b51db079dc61dcfbb","Circular",""
"245d3c159a6f3552904d860f4b0e238645152bff","Mar 13, 2026","Borrowing by Mutual Funds","https://www.sebi.gov.in/legal/circulars/mar-2026/borrowing-by-mutual-funds_100329.html","https://www.sebi.gov.in/pdf/guidelines-of-data-sharing-final.pdf","Circular_Borrowing by Mutual Funds.pdf","no","2026-03-13T11:05:35.604436Z","80f3e9f695e6142341e9af6666768755b17a3a72","Circular",""
"b496b901866f110b469427bd2c67cd9b5cba1ee8","Mar 16, 2026","Review of Coverage of Settlement Guarantee Fund for Commodity Derivatives Segment","https://www.sebi.gov.in/legal/circulars/mar-2026/review-of-coverage-of-settlement-guarantee-fund-for-commodity-derivatives-segment_100400.html","https://www.sebi.gov.in/pdf/guidelines-of-data-sharing-final.pdf","Circular_Review of Coverage of Settlement Guarantee Fund for Commodity Derivatives Segment.pdf","no","2026-03-16T15:40:25.673983Z","b8890ef891c3908738e5ebc2447973492c708f4c","Circular",""
"455a3884ad73f96327f00745c5adf8b11942beb2","Mar 20, 2026","Master Circular for Mutual Funds","https://www.sebi.gov.in/legal/master-circulars/mar-2026/master-circular-for-mutual-funds_100491.html","https://www.sebi.gov.in/pdf/guidelines-of-data-sharing-final.pdf","Master_Circular_Master Circular for Mutual Funds.pdf","no","2026-03-21T04:17:49.643221Z","1bb23c21ec7e3213d8802bc44dba281ca69edcd0","Master_Circular",""
"7a50fb632d6af6110c419139e95264727a34c7ad","Mar 23, 2026","Ease of doing business measures - Relaxations in certain reporting requirements for certain Stock Brokers and doing away with the requirement of reporting of demat account","https://www.sebi.gov.in/legal/circulars/mar-2026/ease-of-doing-business-measures-relaxations-in-certain-reporting-requirements-for-certain-stock-brokers-and-doing-away-with-the-requirement-of-reporting-of-demat-account_100511.html","https://www.sebi.gov.in/pdf/guidelines-of-data-sharing-final.pdf","Circular_Ease of doing business measures - Relaxations in certain reporting requirements for certain Stock Brokers and doing away with the requirement of repor.pdf","no","2026-03-23T11:25:25.502958Z","4c9ed3f35a4694c66705549ac5d39dc97469f67e","Circular",""
"5639f1dfe1e2bd8442f989e69b1cfc30ed8b443b","Mar 25, 2026","Clarification regarding eligibility of members of the Institute of Cost Accountants of India to conduct annual audit of Research Analysts","https://www.sebi.gov.in/legal/circulars/mar-2026/clarification-regarding-eligibility-of-members-of-the-institute-of-cost-accountants-of-india-to-conduct-annual-audit-of-research-analysts_100565.html","https://www.sebi.gov.in/pdf/guidelines-of-data-sharing-final.pdf","Circular_Clarification regarding eligibility of members of the Institute of Cost Accountants of India to conduct annual audit of Research Analysts.pdf","no","2026-03-25T11:23:56.979988Z","823987180a7067b9609f4abda5a282871c0deaf8","Circular",""
"647273c2857fdca35c39fd136ecfa6a044d7db9c","Mar 25, 2026","Clarification regarding eligibility of members of the Institute of Cost Accountants of India to conduct annual audit of Investment Advisers","https://www.sebi.gov.in/legal/circulars/mar-2026/clarification-regarding-eligibility-of-members-of-the-institute-of-cost-accountants-of-india-to-conduct-annual-audit-of-investment-advisers_100561.html","https://www.sebi.gov.in/pdf/guidelines-of-data-sharing-final.pdf","Circular_Clarification regarding eligibility of members of the Institute of Cost Accountants of India to conduct annual audit of Investment Advisers.pdf","no","2026-03-25T11:24:02.112508Z","823987180a7067b9609f4abda5a282871c0deaf8","Circular",""
"a36a8679f86c95e7cabe39f28d8dfa21a5888242","Mar 25, 2026","Addendum to SEBI Circular on Borrowing by Mutual Funds","https://www.sebi.gov.in/legal/circulars/mar-2026/addendum-to-sebi-circular-on-borrowing-by-mutual-funds_100560.html","https://www.sebi.gov.in/pdf/guidelines-of-data-sharing-final.pdf","Circular_Addendum to SEBI Circular on Borrowing by Mutual Funds.pdf","no","2026-03-25T11:24:08.392632Z","823987180a7067b9609f4abda5a282871c0deaf8","Circular",""
"a5497beb0da47d82f2540eaf3dd0c8ec377a95e0","01-01-2026","Securities and Exchange Board of India (Mutual Funds) Regulations, 2026","https://www.sebi.gov.in/legal/regulations/apr-2026/securities-and-exchange-board-of-india-mutual-funds-regulations-2026_100744.html","https://www.sebi.gov.in/pdf/guidelines-of-data-sharing-final.pdf","Regulation_Securities and Exchange Board of India (Mutual Funds) Regulations, 2026.pdf","no","2026-04-06T15:12:25.094748Z","9f829598d29a763afd267d822c8eda121b71eec3","Regulation",""
"aaefb35affe7f8c31c92aa5e782455f65acfee61","Apr 07, 2026","Relaxation from the applicability of SEBI Master Circular for compliance with the provisions of the SEBI (Listing Obligations and Disclosure Requirements) Regulations, 2015 on non-compliance with the Minimum Public Shareholding (MPS) requirements","https://www.sebi.gov.in/legal/circulars/apr-2026/relaxation-from-the-applicability-of-sebi-master-circular-for-compliance-with-the-provisions-of-the-sebi-listing-obligations-and-disclosure-requirements-regulations-2015-on-non-compliance-with-the-_100787.html","https://www.sebi.gov.in/pdf/guidelines-of-data-sharing-final.pdf","Circular_Relaxation from the applicability of SEBI Master Circular for compliance with the provisions of the SEBI (Listing Obligations and Disclosure Requireme.pdf","no","2026-04-07T15:56:29.309495Z","5bbe455c223551d0f97e23738c41c10b7e1fd1b4","Circular",""
"fe11bc5f8cc0e74ae15d7256c2bac520c4616e31","Apr 07, 2026","One-time relaxation with respect to validity of SEBI Observations","https://www.sebi.gov.in/legal/circulars/apr-2026/one-time-relaxation-with-respect-to-validity-of-sebi-observations_100786.html","https://www.sebi.gov.in/pdf/guidelines-of-data-sharing-final.pdf","Circular_One-time relaxation with respect to validity of SEBI Observations.pdf","no","2026-04-07T15:56:34.140676Z","5bbe455c223551d0f97e23738c41c10b7e1fd1b4","Circular",""
"f2c61efa67e6ebc6efb29c7cf1f6f4d777445421","Apr 08, 2026","Ease of doing business - mechanism for lock-in of pledged shares under SEBI (Issue of Capital and Disclosure Requirements) Regulations, 2018","https://www.sebi.gov.in/legal/circulars/apr-2026/ease-of-doing-business-mechanism-for-lock-in-of-pledged-shares-under-sebi-issue-of-capital-and-disclosure-requirements-regulations-2018_100826.html","https://www.sebi.gov.in/pdf/guidelines-of-data-sharing-final.pdf","Circular_Ease of doing business - mechanism for lock-in of pledged shares under SEBI (Issue of Capital and Disclosure Requirements) Regulations, 2018.pdf","no","2026-04-08T15:59:08.248299Z","53a2c5576ea1f75de8d72dfe98d93bc952e3a8d3","Circular",""
"288d1a1506499c85dac34269a203a4b46eaa649a","Apr 13, 2026","NISM Certification for Social Impact Assessors","https://www.sebi.gov.in/legal/circulars/apr-2026/nism-certification-for-social-impact-assessors_100911.html","https://www.sebi.gov.in/pdf/guidelines-of-data-sharing-final.pdf","Circular_NISM Certification for Social Impact Assessors.pdf","no","2026-04-13T15:57:46.309090Z","dabecf8175425047b2d9b83112d07b7c1d119f7b","Circular",""
"b89f3bca94229fc4aa4fda1b532dba331fc5c80d","Apr 15, 2026","Review of requirement relating to registration for a Not for Profit Organization on Social Stock Exchange and minimum subscription requirement for issuance of Zero Coupon Zero Principal Instruments","https://www.sebi.gov.in/legal/circulars/apr-2026/review-of-requirement-relating-to-registration-for-a-not-for-profit-organization-on-social-stock-exchange-and-minimum-subscription-requirement-for-issuance-of-zero-coupon-zero-principal-instruments_100935.html","https://www.sebi.gov.in/pdf/guidelines-of-data-sharing-final.pdf","Circular_Review of requirement relating to registration for a Not for Profit Organization on Social Stock Exchange and minimum subscription requirement for iss.pdf","no","2026-04-16T05:17:14.840366Z","1901135081d0af32fbd58754bfca3a444d1d2f35","Circular",""
"62bc5f5737232a64b08402333aaa1e5f94347c48","Apr 24, 2026","Framework for net settlement of funds for transactions done by Foreign Portfolio Investors (FPIs) in cash market","https://www.sebi.gov.in/legal/circulars/apr-2026/framework-for-net-settlement-of-funds-for-transactions-done-by-foreign-portfolio-investors-fpis-in-cash-market_101090.html","https://www.sebi.gov.in/pdf/guidelines-of-data-sharing-final.pdf","Circular_Framework for net settlement of funds for transactions done by Foreign Portfolio Investors (FPIs) in cash market.pdf","no","2026-04-24T11:41:51.216465Z","1a5b16ef4a26cae7be2e2fe5bc593830d25d1f6d","Circular",""
"830255ce82396b60e31325abb085ec6145c1d29e","Apr 28, 2026","Extension of timeline for compliance with terms and conditions by Debenture Trustees for carrying out activities outside the purview of SEBI","https://www.sebi.gov.in/legal/circulars/apr-2026/extension-of-timeline-for-compliance-with-terms-and-conditions-by-debenture-trustees-for-carrying-out-activities-outside-the-purview-of-sebi_101152.html","https://www.sebi.gov.in/pdf/guidelines-of-data-sharing-final.pdf","Circular_Extension of timeline for compliance with terms and conditions by Debenture Trustees for carrying out activities outside the purview of SEBI.pdf","no","2026-04-28T12:11:31.723849Z","ea7ad0264a5a5b8454b86500c608f0ddc258c149","Circular",""
"ab5c01200da7bcd63ee6c542b4eef595ef382db9","Apr 29, 2026","Operationalisation of Past Risk and Return Verification Agency (“PaRRVA”)","https://www.sebi.gov.in/legal/circulars/apr-2026/operationalisation-of-past-risk-and-return-verification-agency-parrva-_101185.html","https://www.sebi.gov.in/pdf/guidelines-of-data-sharing-final.pdf","Circular_Operationalisation of Past Risk and Return Verification Agency (“PaRRVA”).pdf","no","2026-04-29T16:14:51.274976Z","7fbdd51e21d5dab81b3e2b0ab022e89c01278b44","Circular",""
"eb7b49d127f034aeeb437553680632c2fb71ae36","Apr 30, 2026","Fast-Track Mechanism for Processing of Placement Memorandum of AIFs filed with SEBI","https://www.sebi.gov.in/legal/circulars/apr-2026/fast-track-mechanism-for-processing-of-placement-memorandum-of-aifs-filed-with-sebi_101213.html","https://www.sebi.gov.in/pdf/guidelines-of-data-sharing-final.pdf","Circular_Fast-Track Mechanism for Processing of Placement Memorandum of AIFs filed with SEBI.pdf","no","2026-04-30T12:00:36.441930Z","354eca5ae1748bd9114b5745ef44d8712ad42b9e","Circular",""
"ee108703d2f9338bff307952da65ccfc8eb84a33","May 05, 2026","‘Significant Indices’ under SEBI (Index Providers) Regulations, 2024","https://www.sebi.gov.in/legal/circulars/may-2026/-significant-indices-under-sebi-index-providers-regulations-2024_101271.html","https://www.sebi.gov.in/pdf/guidelines-of-data-sharing-final.pdf","Circular_‘Significant Indices’ under SEBI (Index Providers) Regulations, 2024.pdf","no","2026-05-05T16:15:09.140710Z","86e6c85049c61b5960cda7ec5e2d989c949905a4","Circular",""
"2795055374283336157247a65c940687285bf5c6","May 05, 2026","Advisory on Emerging Advanced Artificial Intelligence (AI) Tools for Vulnerability Detection","https://www.sebi.gov.in/legal/circulars/may-2026/advisory-on-emerging-advanced-artificial-intelligence-ai-tools-for-vulnerability-detection_101270.html","https://www.sebi.gov.in/pdf/guidelines-of-data-sharing-final.pdf","Circular_Advisory on Emerging Advanced Artificial Intelligence (AI) Tools for Vulnerability Detection.pdf","no","2026-05-05T16:15:14.115948Z","86e6c85049c61b5960cda7ec5e2d989c949905a4","Circular",""
"4ab06069416e443d621b18f86a685908ca1621dd","May 07, 2026","Discontinuation of Investor Risk Reduction Access (IRRA) platform","https://www.sebi.gov.in/legal/circulars/may-2026/discontinuation-of-investor-risk-reduction-access-irra-platform_101300.html","https://www.sebi.gov.in/pdf/guidelines-of-data-sharing-final.pdf","Circular_Discontinuation of Investor Risk Reduction Access (IRRA) platform.pdf","no","2026-05-07T12:19:35.422261Z","373537aa2cac5728322299e65592eebc01c6c863","Circular",""
"1b2fc1b92edf48f5a1d84dfb41a4b5f8fd57ae63","May 08, 2026","Norms for sharing and usage of price data for educational purposes","https://www.sebi.gov.in/legal/circulars/may-2026/norms-for-sharing-and-usage-of-price-data-for-educational-purposes_101293.html","https://www.sebi.gov.in/pdf/guidelines-of-data-sharing-final.pdf","Circular_Norms for sharing and usage of price data for educational purposes.pdf","no","2026-05-08T15:59:41.186592Z","850b5230201513620b1a98c3ad8c730ed4e0e647","Circular",""
"857a2b2212c02860fed2a9a4df103aadcf5dc978","May 15, 2026","Status of SPVs post conclusion or termination of Concession Agreement","https://www.sebi.gov.in/legal/circulars/may-2026/status-of-spvs-post-conclusion-or-termination-of-concession-agreement_101467.html","https://www.sebi.gov.in/pdf/guidelines-of-data-sharing-final.pdf","Circular_Status of SPVs post conclusion or termination of Concession Agreement.pdf","no","2026-05-15T12:18:26.478607Z","8faf2868b61e3cf53be9e3fd8539c9afd693ad0c","Circular",""
"88394909a5ac4d3605deb3b545b668bb62f88387","May 15, 2026","Permitted use of fresh borrowings for InvITs where Net Borrowings exceeds forty-nine percent of the value of InvIT assets","https://www.sebi.gov.in/legal/circulars/may-2026/permitted-use-of-fresh-borrowings-for-invits-where-net-borrowings-exceeds-forty-nine-percent-of-the-value-of-invit-assets_101465.html","https://www.sebi.gov.in/pdf/guidelines-of-data-sharing-final.pdf","Circular_Permitted use of fresh borrowings for InvITs where Net Borrowings exceeds forty-nine percent of the value of InvIT assets.pdf","no","2026-05-15T12:18:31.463482Z","8faf2868b61e3cf53be9e3fd8539c9afd693ad0c","Circular",""
"03d123fcd4eff646241523ebc37932f61e1b852e","May 15, 2026","Master Circular on Surveillance of Securities Market","https://www.sebi.gov.in/legal/master-circulars/may-2026/master-circular-on-surveillance-of-securities-market_101473.html","https://www.sebi.gov.in/pdf/guidelines-of-data-sharing-final.pdf","Master_Circular_Master Circular on Surveillance of Securities Market.pdf","no","2026-05-15T16:20:38.615273Z","4217000eb1f09f480d6836e5a123b85b6d1b1002","Master_Circular",""
"fb075752820873728980c5346a366acb56603c13","May 19, 2026","Revision of Monthly Cumulative Report (MCR) Format","https://www.sebi.gov.in/legal/circulars/may-2026/revision-of-monthly-cumulative-report-mcr-format_101522.html","https://www.sebi.gov.in/pdf/guidelines-of-data-sharing-final.pdf","Circular_Revision of Monthly Cumulative Report (MCR) Format.pdf","no","2026-05-19T13:42:12.437561Z","e9259720906016592bb19e5bb66ba021c84be972","Circular",""
"7800a638db5bef71ab2133942364e24698f6d2a5","May 29, 2026","Ease of doing investments - Modified Norms for Nomination in Demat Accounts and Mutual Fund Folios","https://www.sebi.gov.in/legal/circulars/may-2026/ease-of-doing-investments-modified-norms-for-nomination-in-demat-accounts-and-mutual-fund-folios_101703.html","https://www.sebi.gov.in/pdf/guidelines-of-data-sharing-final.pdf","Circular_Ease of doing investments - Modified Norms for Nomination in Demat Accounts and Mutual Fund Folios.pdf","no","2026-05-29T13:43:59.523413Z","397fd300b7894e7273e2f18fd78dac311598f4c4","Circular",""
"56ffa1c9322381768af63f936563e58203d917fb","Jun 03, 2026","Master Circular for Alternative Investment Funds (AIFs)","https://www.sebi.gov.in/legal/master-circulars/jun-2026/master-circular-for-alternative-investment-funds-aifs-_101817.html","https://www.sebi.gov.in/pdf/guidelines-of-data-sharing-final.pdf","Master_Circular_Master Circular for Alternative Investment Funds (AIFs).pdf","no","2026-06-03T15:18:25.725808Z","6f3491f9c4afd14e35238aafcfbecbb917f9de0d","Master_Circular",""
"5b832791de8928e3e41c9c7b808a2174b46190a2","Jun 11, 2026","Extension of timelines for compliance with certain provisions of Circular dated January 02, 2026","https://www.sebi.gov.in/legal/circulars/jun-2026/extension-of-timelines-for-compliance-with-certain-provisions-of-circular-dated-january-02-2026_102083.html","https://www.sebi.gov.in/pdf/guidelines-of-data-sharing-final.pdf","Circular_Extension of timelines for compliance with certain provisions of Circular dated January 02, 2026.pdf","no","2026-06-11T14:24:54.325186Z","062242883dbc902d84c6bf3c0dd014dae1d5bb47","Circular",""
"3569d9a544e6996567f9c04e535bb9b9a27d4498","Jun 15, 2026","Norms for Base Price, Price Bands, Call Auction in pre-open session and Close-out procedure for Exchange Traded Funds (ETFs)","https://www.sebi.gov.in/legal/circulars/jun-2026/norms-for-base-price-price-bands-call-auction-in-pre-open-session-and-close-out-procedure-for-exchange-traded-funds-etfs-_102121.html","https://www.sebi.gov.in/pdf/guidelines-of-data-sharing-final.pdf","Circular_Norms for Base Price, Price Bands, Call Auction in pre-open session and Close-out procedure for Exchange Traded Funds (ETFs).pdf","no","2026-06-15T16:08:47.108501Z","7331d2fd61c18c2409d03fef3d5084a2e7b6850e","Circular",""
"b4f6d8168ff92393af63ef27c2f7db29efb79e9a","Jun 16, 2026","Guidelines for winding up of AIFs with respect to retention of proceeds and ‘Inoperative Fund’ status","https://www.sebi.gov.in/legal/circulars/jun-2026/guidelines-for-winding-up-of-aifs-with-respect-to-retention-of-proceeds-and-inoperative-fund-status_102171.html","https://www.sebi.gov.in/pdf/guidelines-of-data-sharing-final.pdf","Circular_Guidelines for winding up of AIFs with respect to retention of proceeds and ‘Inoperative Fund’ status.pdf","no","2026-06-16T15:28:57.498112Z","acb2107a80bad0ccbeaf96d579e86fa1483afb99","Circular",""
"f808d8bf178c20f26103e758c92f258c534887c4","Jun 19, 2026","Clarification with respect to applicability of the benefit of early pay-in in Commodity Derivatives Segment","https://www.sebi.gov.in/legal/circulars/jun-2026/clarification-with-respect-to-applicability-of-the-benefit-of-early-pay-in-in-commodity-derivatives-segment_102229.html","https://www.sebi.gov.in/pdf/guidelines-of-data-sharing-final.pdf","Circular_Clarification with respect to applicability of the benefit of early pay-in in Commodity Derivatives Segment.pdf","no","2026-06-19T13:55:47.452021Z","7db6c27faa112ba3ec7986c232b4a0d9c1335cad","Circular",""
"d187429ccb4a7f8eee4105ee965557b9fef29389","Jun 24, 2026","Ease of Doing Business – Relaxation in certification requirement for Persons Associated with Investment Advice (PAIA) – Sales and other non-core services","https://www.sebi.gov.in/legal/circulars/jun-2026/ease-of-doing-business-relaxation-in-certification-requirement-for-persons-associated-with-investment-advice-paia-sales-and-other-non-core-services_102385.html","https://www.sebi.gov.in/pdf/guidelines-of-data-sharing-final.pdf","Circular_Ease of Doing Business – Relaxation in certification requirement for Persons Associated with Investment Advice (PAIA) – Sales and other non-core servi.pdf","no","2026-06-24T12:35:02.052637Z","839fa65c48294871cd9d67639a85d40f5a59395d","Circular",""
"658b88d968fdd8f78c8e795ef69e962bf9e2be7d","Jul 03, 2026","Handling of Client’s Unpaid Securities by Trading Members","https://www.sebi.gov.in/legal/circulars/jul-2026/handling-of-client-s-unpaid-securities-by-trading-members_102584.html","https://www.sebi.gov.in/pdf/guidelines-of-data-sharing-final.pdf","Circular_Handling of Client’s Unpaid Securities by Trading Members.pdf","no","2026-07-03T12:28:08.553066Z","149e1798a21cb4dd3a5a041ac8ac8d3095d26fcb","Circular",""
"7488161949489f4d165caef01d8994826b1515eb","Jul 07, 2026","Review of norms for utilization of interest or income from IPF of the Depositories","https://www.sebi.gov.in/legal/circulars/jul-2026/review-of-norms-for-utilization-of-interest-or-income-from-ipf-of-the-depositories_102639.html","https://www.sebi.gov.in/pdf/guidelines-of-data-sharing-final.pdf","Circular_Review of norms for utilization of interest or income from IPF of the Depositories.pdf","no","2026-07-07T12:44:01.081002Z","b57e0188f0e7891fba4120b080dc75505956959e","Circular",""
"c9a419ac743cd1210d2ea63360d8c8baa255f1b2","Jul 10, 2026","Intraday borrowing facility availed by mutual funds","https://www.sebi.gov.in/legal/circulars/jul-2026/intraday-borrowing-facility-availed-by-mutual-funds_102762.html","https://www.sebi.gov.in/pdf/guidelines-of-data-sharing-final.pdf","Circular_Intraday borrowing facility availed by mutual funds.pdf","no","2026-07-10T12:42:07.419448Z","d20ad5be5a84cd7076cd16bdb35d0b9e74e9e2a7","Circular",""
"973cb501ae90504248743aa215017ab57e3981a4","01-01-2026","Securities and Exchange Board of India (Mutual Funds) Regulations, 2026 [Last amended on July 7, 2026]","https://www.sebi.gov.in/legal/regulations/jul-2026/securities-and-exchange-board-of-india-mutual-funds-regulations-2026-last-amended-on-july-7-2026-_102780.html","https://www.sebi.gov.in/pdf/guidelines-of-data-sharing-final.pdf","Regulation_Securities and Exchange Board of India (Mutual Funds) Regulations, 2026 [Last amended on July 7, 2026].pdf","no","2026-07-13T09:55:37.198138Z","29f1fd33aad9cccbc585604d51c288e06dbefdd4","Regulation",""
"c091d79bfe903266a54398428c5030e4f9bb7629","Jul 14, 2026","Master Circular for Merchant Bankers","https://www.sebi.gov.in/legal/master-circulars/jul-2026/master-circular-for-merchant-bankers_102815.html","https://www.sebi.gov.in/pdf/guidelines-of-data-sharing-final.pdf","Master_Circular_Master Circular for Merchant Bankers.pdf","no","2026-07-14T11:56:12.788648Z","bdb78832581f897acdf0d35b1085a42f26333dc0","Master_Circular",""
"96f7d702d8f0150f1e597ea32932eacfe993dc88","Jul 17, 2026","Extending facility of creating standing instructions for Systematic Withdrawal Plan (SWP)/ Systematic Transfer Plan (STP) for Mutual Fund units held in demat form","https://www.sebi.gov.in/legal/circulars/jul-2026/extending-facility-of-creating-standing-instructions-for-systematic-withdrawal-plan-swp-systematic-transfer-plan-stp-for-mutual-fund-units-held-in-demat-form_102914.html","https://www.sebi.gov.in/pdf/guidelines-of-data-sharing-final.pdf","Circular_Extending facility of creating standing instructions for Systematic Withdrawal Plan (SWP)_ Systematic Transfer Plan (STP) for Mutual Fund units held i.pdf","no","2026-07-17T11:54:33.388404Z","b073911ff707bae945471f58f273631d33e018c3","Circular",""
"a6610c7968f1c99cbcc7dca2313625c54e2706cd","Jul 21, 2026","Certification Requirements for Distribution of Specialized Investment Funds (SIFs)","https://www.sebi.gov.in/legal/circulars/jul-2026/certification-requirements-for-distribution-of-specialized-investment-funds-sifs-_102986.html","https://www.sebi.gov.in/pdf/guidelines-of-data-sharing-final.pdf","Circular_Certification Requirements for Distribution of Specialized Investment Funds (SIFs).pdf","no","2026-07-21T12:10:42.181069Z","85477267c44ccbf171aa5aad37b05e8776b859e3","Circular",""
"d6d85ec041531ddad164a457930d9b4c57cd30ff","Jul 21, 2026","Operationalisation of freezing of holdings of promoter and promoter group including their associates (promoter holdings) at the ISIN level under Regulation 24(i)(ea) of the SEBI (Buy-back of Securities) Regulations, 2018 dated July 21, 2026","https://www.sebi.gov.in/legal/circulars/jul-2026/operationalisation-of-freezing-of-holdings-of-promoter-and-promoter-group-including-their-associates-promoter-holdings-at-the-isin-level-under-regulation-24-i-ea-of-the-sebi-buy-back-of-securitie-_102978.html","https://www.sebi.gov.in/pdf/guidelines-of-data-sharing-final.pdf","Circular_Operationalisation of freezing of holdings of promoter and promoter group including their associates (promoter holdings) at the ISIN level under Regul.pdf","no","2026-07-21T12:10:48.297948Z","85477267c44ccbf171aa5aad37b05e8776b859e3","Circular",""
"df1d2eded1e90eba577a863952389011d43c6164","Jul 23, 2026","Ease of Doing Investment and Ease of Doing Business – Simplification and standardisation of the framework for transmission of securities","https://www.sebi.gov.in/legal/circulars/jul-2026/ease-of-doing-investment-and-ease-of-doing-business-simplification-and-standardisation-of-the-framework-for-transmission-of-securities_103030.html","https://www.sebi.gov.in/pdf/guidelines-of-data-sharing-final.pdf","Circular_Ease of Doing Investment and Ease of Doing Business – Simplification and standardisation of the framework for transmission of securities.pdf","no","2026-07-23T12:12:20.805002Z","13d25623714f0507dab294d8840b282e8b9514c9","Circular",""
"49439ab3b61d35ac34899baaebfaeb2e2f75c0f1","Jul 30, 2026","‘Green-Channel: AIF Rollout Upon Document Acknowledgement’ (GARUDA) Mechanism for Processing of Placement Memorandum of Alternative Investment Funds (AIFs) filed with SEBI","https://www.sebi.gov.in/legal/circulars/jul-2026/-green-channel-aif-rollout-upon-document-acknowledgement-garuda-mechanism-for-processing-of-placement-memorandum-of-alternative-investment-funds-aifs-filed-with-sebi_103241.html","https://www.sebi.gov.in/pdf/guidelines-of-data-sharing-final.pdf","Circular_‘Green-Channel_ AIF Rollout Upon Document Acknowledgement’ (GARUDA) Mechanism for Processing of Placement Memorandum of Alternative Investment Funds (.pdf","no","2026-07-30T12:13:55.149184Z","00559be59bfd61e5844fd21857436c9608d08ae6","Circular",""
"eca083f2ff4b5158a7da2135583d33ee6e36ae47","Jul 31, 2026","Extension of timelines with repect to compliance of Digital Accessibility Circulars.","https://www.sebi.gov.in/legal/circulars/jul-2026/extension-of-timelines-with-repect-to-compliance-of-digital-accessibility-circulars-_103277.html","https://www.sebi.gov.in/pdf/guidelines-of-data-sharing-final.pdf","Circular_Extension of timelines with repect to compliance of Digital Accessibility Circulars..pdf","no","2026-07-31T12:28:21.401144Z","8be3522a76f868fff017e8ad9f23dba8ca96bed7","Circular",""
"749fa3ce648ab0b80e4b0a62f55d9fcde8ba6bec","Aug 03, 2026","Extension of timeline for enrolment with PaRRVA as specified in SEBI Circular No. HO/38/14/(4)2026-MIRSD-POD/I/10557/2026 dated April 29, 2026","https://www.sebi.gov.in/legal/circulars/aug-2026/extension-of-timeline-for-enrolment-with-parrva-as-specified-in-sebi-circular-no-ho-38-14-4-2026-mirsd-pod-i-10557-2026-dated-april-29-2026_103314.html","https://www.sebi.gov.in/pdf/guidelines-of-data-sharing-final.pdf","Circular_Extension of timeline for enrolment with PaRRVA as specified in SEBI Circular No. HO_38_14_(4)2026-MIRSD-POD_I_10557_2026 dated April 29, 2026.pdf","no","2026-08-03T13:26:20.994169Z","3deeb7078ab1f83cc6523aa634e83db41372d45b","Circular",""
"701f9f530d19859c24372cb3cee2509967237e14","Aug 11, 2026","Amendment to SEBI (Issue and Listing of Municipal Debt Securities) Regulations, 2015 (“ILMDS Regulations”)","https://www.sebi.gov.in/legal/circulars/aug-2026/amendment-to-sebi-issue-and-listing-of-municipal-debt-securities-regulations-2015-ilmds-regulations-_103488.html","https://www.sebi.gov.in/pdf/guidelines-of-data-sharing-final.pdf","Circular_Amendment to SEBI (Issue and Listing of Municipal Debt Securities) Regulations, 2015 (“ILMDS Regulations”).pdf","no","2026-08-11T15:31:07.647204Z","88fdeeb8dfba45c58c7acecaa70273f0e5422928","Circular",""
"42fe729bf35d950c70bca20fb4f457c7089d1c2b","Aug 12, 2026","Review of Inclusion of Historical Scenarios in Stress Testing for Commodity Derivatives Segment","https://www.sebi.gov.in/legal/circulars/aug-2026/review-of-inclusion-of-historical-scenarios-in-stress-testing-for-commodity-derivatives-segment_103521.html","https://www.sebi.gov.in/pdf/guidelines-of-data-sharing-final.pdf","Circular_Review of Inclusion of Historical Scenarios in Stress Testing for Commodity Derivatives Segment.pdf","no","2026-08-12T15:38:58.468902Z","6fb7acb072971cadf5b39cf55d00436f3856f056","Circular",""
"033aff1e7576d44549f1b03ebd2713492bb004ed","Aug 14, 2026","Modification in the regulatory framework for Online Bond Platform Providers (OBPPs) including measures for promoting ease of doing business","https://www.sebi.gov.in/legal/circulars/aug-2026/modification-in-the-regulatory-framework-for-online-bond-platform-providers-obpps-including-measures-for-promoting-ease-of-doing-business_103647.html","https://www.sebi.gov.in/pdf/guidelines-of-data-sharing-final.pdf","Circular_Modification in the regulatory framework for Online Bond Platform Providers (OBPPs) including measures for promoting ease of doing business.pdf","no","2026-08-14T11:21:42.771306Z","eacaf1b2fc1e42892f7f537269650b4e30a0309e","Circular",""
"5d8e0fb691a82284107caf7b1b3878a419dd2251","Aug 14, 2026","Framework for Calculation of Net Distributable Cash Flows for InvITs","https://www.sebi.gov.in/legal/circulars/aug-2026/framework-for-calculation-of-net-distributable-cash-flows-for-invits_103644.html","https://www.sebi.gov.in/pdf/guidelines-of-data-sharing-final.pdf","Circular_Framework for Calculation of Net Distributable Cash Flows for InvITs.pdf","no","2026-08-14T11:21:47.888030Z","eacaf1b2fc1e42892f7f537269650b4e30a0309e","Circular",""
"c7b71822d9bf4a0c08f4eeddf2bf349ae01beea8","01-01-2021","Securities and Exchange Board of India (Vault Managers) Regulations, 2021 [Last amended on February 10, 2025]","https://www.sebi.gov.in/legal/regulations/aug-2023/securities-and-exchange-board-of-india-vault-managers-regulations-2021-last-amended-on-august-18-2023-_76368.html","https://www.sebi.gov.in/pdf/guidelines-of-data-sharing-final.pdf","Regulation_Securities and Exchange Board of India (Vault Managers) Regulations, 2021 [Last amended on February 10, 2025].pdf","no","2026-08-18T10:58:04.653566Z","b41a049dc2f2f78eed815a16aca7db6b569bf29a","Regulation",""
"7250c38d198d63411f926f6c60f66fb955e9810a","Aug 17, 2026","Revision of Application Form for Mutual Fund Registration","https://www.sebi.gov.in/legal/circulars/aug-2026/revision-of-application-form-for-mutual-fund-registration_103721.html","https://www.sebi.gov.in/pdf/guidelines-of-data-sharing-final.pdf","Circular_Revision of Application Form for Mutual Fund Registration.pdf","no","2026-08-18T15:05:32.452991Z","c0acda2e667d5f899f1dba631a8d45eee885b867","Circular",""
